agency,bureau,initial_domain
Department of Commerce,Census Bureau,ai-toolkit.xd.gov
Department of Commerce,Census Bureau,broadcast.census.gov
Department of Commerce,Census Bureau,lehdtest.did.census.gov
Department of Commerce,Census Bureau,lehdtest1.did.census.gov
Department of Commerce,Census Bureau,lehdtest6.did.census.gov
Department of Commerce,Census Bureau,lehdtest8.did.census.gov
Department of Commerce,Census Bureau,onthemap.ces.census.gov
Department of Commerce,International Trade Administration,accesstest.trade.gov
Department of Commerce,International Trade Administration,steel.trade.gov
Department of Commerce,National Institute of Standards and Technology,covid19-registry.nist.gov
Department of Commerce,National Institute of Standards and Technology,nist.time.gov
Department of Commerce,National Institute of Standards and Technology,rpki-monitor.nist.gov
Department of Commerce,National Institute of Standards and Technology,ssis.nist.gov
Department of Commerce,National Institute of Standards and Technology,strbase-b.nist.gov
Department of Commerce,National Institute of Standards and Technology,timegov.nist.gov
Department of Commerce,National Oceanic and Atmospheric Administration,blog-cms.marinedebris.noaa.gov
Department of Commerce,National Oceanic and Atmospheric Administration,blog-cms.response.restoration.noaa.gov
Department of Commerce,National Oceanic and Atmospheric Administration,cbwofs.vlab.noaa.gov
Department of Commerce,National Oceanic and Atmospheric Administration,cmsrr.orr.noaa.gov
Department of Commerce,National Oceanic and Atmospheric Administration,co-ops.nos.noaa.gov
Department of Commerce,National Oceanic and Atmospheric Administration,coastwatch.star.nesdis.noaa.gov
Department of Commerce,National Oceanic and Atmospheric Administration,content.buoybay.noaa.gov
Department of Commerce,National Oceanic and Atmospheric Administration,creek.atdd.noaa.gov
Department of Commerce,National Oceanic and Atmospheric Administration,data.aev.class.noaa.gov
Department of Commerce,National Oceanic and Atmospheric Administration,data.class.noaa.gov
Department of Commerce,National Oceanic and Atmospheric Administration,data.ngdc.noaa.gov
Department of Commerce,National Oceanic and Atmospheric Administration,esi.orr.noaa.gov
Department of Commerce,National Oceanic and Atmospheric Administration,floatplan.noaa.gov
Department of Commerce,National Oceanic and Atmospheric Administration,gmd-int.cmdl.noaa.gov
Department of Commerce,National Oceanic and Atmospheric Administration,gmd-prod.cmdl.noaa.gov
Department of Commerce,National Oceanic and Atmospheric Administration,incidenthistory.noaa.gov
Department of Commerce,National Oceanic and Atmospheric Administration,marinedebris-cms.orr.noaa.gov
Department of Commerce,National Oceanic and Atmospheric Administration,new-ready.arl.noaa.gov
Department of Commerce,National Oceanic and Atmospheric Administration,oceanwatch.noaa.gov
Department of Commerce,National Oceanic and Atmospheric Administration,old.tidesandcurrents.noaa.gov
Department of Commerce,National Oceanic and Atmospheric Administration,order.aev.class.noaa.gov
Department of Commerce,National Oceanic and Atmospheric Administration,order.class.noaa.gov
Department of Commerce,National Oceanic and Atmospheric Administration,ports.noaa.gov
Department of Commerce,National Oceanic and Atmospheric Administration,preview-radar.weather.gov
Department of Commerce,National Oceanic and Atmospheric Administration,preview-spot.weather.gov
Department of Commerce,National Oceanic and Atmospheric Administration,prod-01-alb-toolkit-climate.woc.noaa.gov
Department of Commerce,National Oceanic and Atmospheric Administration,prod-west-nhc.woc.noaa.gov
Department of Commerce,National Oceanic and Atmospheric Administration,purchaseknob.atdd.noaa.gov
Department of Commerce,National Oceanic and Atmospheric Administration,ready.arl.noaa.gov
Department of Commerce,National Oceanic and Atmospheric Administration,ready2.arl.noaa.gov
Department of Commerce,National Oceanic and Atmospheric Administration,sdat.noaa.gov
Department of Commerce,National Oceanic and Atmospheric Administration,taskforce.coralreef.noaa.gov
Department of Commerce,National Oceanic and Atmospheric Administration,tmp.fisheries.noaa.gov
Department of Commerce,National Oceanic and Atmospheric Administration,ufs.epic.noaa.gov
Department of Commerce,National Oceanic and Atmospheric Administration,upgrade-nhc.woc.noaa.gov
Department of Commerce,National Oceanic and Atmospheric Administration,vos.woc.noaa.gov
Department of Commerce,Office of the Chief Information Officer,library.doc.gov
Department of Commerce,USPTO,components.uspto.gov
Department of Commerce,USPTO,data.uspto.gov
Department of Commerce,USPTO,globaldossier-cloud-fqt.etc.uspto.gov
Department of Commerce,USPTO,globaldossier-ui.uspto.gov
Department of Commerce,USPTO,rdms-mpep-vip.uspto.gov
Department of Commerce,USPTO,rdms-tbmp-vip.uspto.gov
Department of Commerce,USPTO,rdms-tfsr-vip.uspto.gov
Department of Commerce,USPTO,rdms-tmep-vip.uspto.gov
Department of Commerce,USPTO,tmog.uspto.gov
Department of Commerce,USPTO,ttabcenter.uspto.gov
Department of Homeland Security,Cybersecurity and Infrastructure Security Agency,learning.cisa.gov
Department of Homeland Security,Cybersecurity and Infrastructure Security Agency,presidentscup.cisa.gov
Department of Homeland Security,Cybersecurity and Infrastructure Security Agency,tripwire.cisa.gov
Department of Homeland Security,Federal Emergency Management Agency,grantee.fema.gov
Department of Homeland Security,Federal Emergency Management Agency,lscms-sci.fema.gov
Department of Homeland Security,Federal Emergency Management Agency,lscms.fema.gov
Department of Homeland Security,Federal Emergency Management Agency,map1.msc.fema.gov
Department of Homeland Security,Federal Emergency Management Agency,nfirs.fema.gov
Department of Homeland Security,Federal Emergency Management Agency,pagrants.fema.gov
Department of Homeland Security,Federal Emergency Management Agency,pivot-beta.fema.gov
Department of Homeland Security,Federal Emergency Management Agency,pivot.fema.gov
Department of Homeland Security,Federal Emergency Management Agency,prd-msc.msc.fema.gov
Department of Homeland Security,Federal Emergency Management Agency,rtlt.preptoolkit.fema.gov
Department of Homeland Security,Federal Law Enforcement Training Center,admin-atms.fleta.gov
Department of Homeland Security,Federal Law Enforcement Training Center,atms.fleta.gov
Department of Homeland Security,Headquarters,dac3.tsa.dhs.gov
Department of Homeland Security,Headquarters,devpki.dimc.dhs.gov
Department of Homeland Security,Headquarters,eapis.cbp.dhs.gov
Department of Homeland Security,Headquarters,esecureflight-obt.tsa.dhs.gov
Department of Homeland Security,Headquarters,esecureflight.tsa.dhs.gov
Department of Homeland Security,Headquarters,fpr.tsa.dhs.gov
Department of Homeland Security,Headquarters,g-cnmi-eta.cbp.dhs.gov
Department of Homeland Security,Headquarters,genealogy.uscis.dhs.gov
Department of Homeland Security,Headquarters,iac.tsa.dhs.gov
Department of Homeland Security,Headquarters,midas.uscis.dhs.gov
Department of Homeland Security,Headquarters,mrctpat.cbp.dhs.gov
Department of Homeland Security,Headquarters,nccad.dhs.gov
Department of Homeland Security,Headquarters,pfdps.tsa.dhs.gov
Department of Homeland Security,Headquarters,pki.dimc.dhs.gov
Department of Homeland Security,Headquarters,saml.tsa.dhs.gov
Department of Homeland Security,Headquarters,sg-sp.tsa.dhs.gov
Department of Homeland Security,Headquarters,tsaprecheckbyclear.tsa.dhs.gov
Department of Homeland Security,Headquarters,tsaprecheckbytelos.tsa.dhs.gov
Department of Homeland Security,Headquarters,ttp.cbp.dhs.gov
Department of Homeland Security,Headquarters,tvp.tsa.dhs.gov
Department of Homeland Security,Headquarters,ugv.cbp.dhs.gov
Department of Homeland Security,Headquarters,vine.dhs.gov
Department of Homeland Security,Headquarters,webamoss.cbp.dhs.gov
Department of Homeland Security,U. S. Coast Guard C5I Service Center,testdeveloper.nvmc.uscg.gov
Department of Homeland Security,U. S. Coast Guard C5I Service Center,testdhssans.nvmc.uscg.gov
Department of Homeland Security,U. S. Coast Guard C5I Service Center,testenoad.nvmc.uscg.gov
Department of Homeland Security,U. S. Coast Guard C5I Service Center,testnvmc.nvmc.uscg.gov
Department of Homeland Security,U.S. Customs and Border Protection,ace-accounts-d6.cbp.gov
Department of Homeland Security,U.S. Customs and Border Protection,ace-accounts-sat.cbp.gov
Department of Homeland Security,U.S. Customs and Border Protection,ace-accounts.cbp.gov
Department of Homeland Security,U.S. Customs and Border Protection,ace-d3.cbp.gov
Department of Homeland Security,U.S. Customs and Border Protection,ace-d6.cbp.gov
Department of Homeland Security,U.S. Customs and Border Protection,ace-sat.cbp.gov
Department of Homeland Security,U.S. Customs and Border Protection,ace.cbp.gov
Department of Homeland Security,U.S. Customs and Border Protection,cbpcomplaints.cbp.gov
Department of Homeland Security,U.S. Customs and Border Protection,cbpworkforce.cbp.gov
Department of Homeland Security,U.S. Customs and Border Protection,eisavpn.cbp.gov
Department of Homeland Security,U.S. Customs and Border Protection,helpspanish.cbp.gov
Department of Homeland Security,U.S. Immigration and Customs Enforcement,cebonds.ice.gov
Department of Homeland Security,U.S. Immigration and Customs Enforcement,etd.ice.gov
Department of Homeland Security,USCIS,citizenshipgrants.uscis.gov
Department of Homeland Security,USCIS,developer.uscis.gov
Department of Homeland Security,USCIS,myaccount.uscis.gov
Department of Housing and Urban Development,Web Master  Pulic Affair,ctsportal.hud.gov
National Aeronautics and Space Administration,NASA Office of the Chief Information Officer,acquisitions.jpl.nasa.gov
National Aeronautics and Space Administration,NASA Office of the Chief Information Officer,aeb.gsfc.nasa.gov
National Aeronautics and Space Administration,NASA Office of the Chief Information Officer,ael.gsfc.nasa.gov
National Aeronautics and Space Administration,NASA Office of the Chief Information Officer,aero-fp.larc.nasa.gov
National Aeronautics and Space Administration,NASA Office of the Chief Information Officer,aeronauticsprojects.arc.nasa.gov
National Aeronautics and Space Administration,NASA Office of the Chief Information Officer,ahed.smce.nasa.gov
National Aeronautics and Space Administration,NASA Office of the Chief Information Officer,airsteam.jpl.nasa.gov
National Aeronautics and Space Administration,NASA Office of the Chief Information Officer,ants.gsfc.nasa.gov
National Aeronautics and Space Administration,NASA Office of the Chief Information Officer,aqua.gsfc.nasa.gov
National Aeronautics and Space Administration,NASA Office of the Chief Information Officer,astrochem.gsfc.nasa.gov
National Aeronautics and Space Administration,NASA Office of the Chief Information Officer,astromaterials.jsc.nasa.gov
National Aeronautics and Space Administration,NASA Office of the Chief Information Officer,astrophysics.gsfc.nasa.gov
National Aeronautics and Space Administration,NASA Office of the Chief Information Officer,attic.gsfc.nasa.gov
National Aeronautics and Space Administration,NASA Office of the Chief Information Officer,batse.msfc.nasa.gov
National Aeronautics and Space Administration,NASA Office of the Chief Information Officer,ccmcftp.ccmc.gsfc.nasa.gov
National Aeronautics and Space Administration,NASA Office of the Chief Information Officer,ceres-tool.larc.nasa.gov
National Aeronautics and Space Administration,NASA Office of the Chief Information Officer,chapea.ird.appdat.jsc.nasa.gov
National Aeronautics and Space Administration,NASA Office of the Chief Information Officer,cisto-news.gsfc.nasa.gov
National Aeronautics and Space Administration,NASA Office of the Chief Information Officer,cisto.gsfc.nasa.gov
National Aeronautics and Space Administration,NASA Office of the Chief Information Officer,climatesciences.jpl.nasa.gov
National Aeronautics and Space Administration,NASA Office of the Chief Information Officer,cubesats.gsfc.nasa.gov
National Aeronautics and Space Administration,NASA Office of the Chief Information Officer,daac.gsfc.nasa.gov
National Aeronautics and Space Administration,NASA Office of the Chief Information Officer,disc-beta.gsfc.nasa.gov
National Aeronautics and Space Administration,NASA Office of the Chief Information Officer,draftmmt.earthdata.nasa.gov
National Aeronautics and Space Administration,NASA Office of the Chief Information Officer,dus.jpl.nasa.gov
National Aeronautics and Space Administration,NASA Office of the Chief Information Officer,ecc.earthdata.nasa.gov
National Aeronautics and Space Administration,NASA Office of the Chief Information Officer,eospso.gsfc.nasa.gov
National Aeronautics and Space Administration,NASA Office of the Chief Information Officer,esd.gsfc.nasa.gov
National Aeronautics and Space Administration,NASA Office of the Chief Information Officer,esdresearch.nasa.gov
National Aeronautics and Space Administration,NASA Office of the Chief Information Officer,euler.jpl.nasa.gov
National Aeronautics and Space Administration,NASA Office of the Chief Information Officer,eva.jsc.nasa.gov
National Aeronautics and Space Administration,NASA Office of the Chief Information Officer,f64.ndc.nasa.gov
National Aeronautics and Space Administration,NASA Office of the Chief Information Officer,firms2.modaps.eosdis.nasa.gov
National Aeronautics and Space Administration,NASA Office of the Chief Information Officer,fprime.jpl.nasa.gov
National Aeronautics and Space Administration,NASA Office of the Chief Information Officer,fusionftp.gsfc.nasa.gov
National Aeronautics and Space Administration,NASA Office of the Chief Information Officer,gammaray.msfc.nasa.gov
National Aeronautics and Space Administration,NASA Office of the Chief Information Officer,gcmdservices.gcmd.eosdis.nasa.gov
National Aeronautics and Space Administration,NASA Office of the Chief Information Officer,geer.grc.nasa.gov
National Aeronautics and Space Administration,NASA Office of the Chief Information Officer,gimms.gsfc.nasa.gov
National Aeronautics and Space Administration,NASA Office of the Chief Information Officer,gipsy-oasis.jpl.nasa.gov
National Aeronautics and Space Administration,NASA Office of the Chief Information Officer,git.earthdata.nasa.gov
National Aeronautics and Space Administration,NASA Office of the Chief Information Officer,glas.gsfc.nasa.gov
National Aeronautics and Space Administration,NASA Office of the Chief Information Officer,gpl.gsfc.nasa.gov
National Aeronautics and Space Administration,NASA Office of the Chief Information Officer,gs6101-gmao.gsfc.nasa.gov
National Aeronautics and Space Administration,NASA Office of the Chief Information Officer,gs618-glam1.gsfc.nasa.gov
National Aeronautics and Space Administration,NASA Office of the Chief Information Officer,gs618-glihtl1.ndc.nasa.gov
National Aeronautics and Space Administration,NASA Office of the Chief Information Officer,gs66-vdclambda.ndc.nasa.gov
National Aeronautics and Space Administration,NASA Office of the Chief Information Officer,gs671-umbra.nascom.nasa.gov
National Aeronautics and Space Administration,NASA Office of the Chief Information Officer,gs674-ccmcftp.ccmc.gsfc.nasa.gov
National Aeronautics and Space Administration,NASA Office of the Chief Information Officer,gs674-sep.ccmc.gsfc.nasa.gov
National Aeronautics and Space Administration,NASA Office of the Chief Information Officer,heliophysics.gsfc.nasa.gov
National Aeronautics and Space Administration,NASA Office of the Chief Information Officer,hera.gsfc.nasa.gov
National Aeronautics and Space Administration,NASA Office of the Chief Information Officer,hpl.gsfc.nasa.gov
National Aeronautics and Space Administration,NASA Office of the Chief Information Officer,hsd.gsfc.nasa.gov
National Aeronautics and Space Administration,NASA Office of the Chief Information Officer,hsi.arc.nasa.gov
National Aeronautics and Space Administration,NASA Office of the Chief Information Officer,humanfactors.arc.nasa.gov
National Aeronautics and Space Administration,NASA Office of the Chief Information Officer,humansystems.arc.nasa.gov
National Aeronautics and Space Administration,NASA Office of the Chief Information Officer,huygensgcms.gsfc.nasa.gov
National Aeronautics and Space Administration,NASA Office of the Chief Information Officer,ilrs.cddis.eosdis.nasa.gov
National Aeronautics and Space Administration,NASA Office of the Chief Information Officer,indigo.gsfc.nasa.gov
National Aeronautics and Space Administration,NASA Office of the Chief Information Officer,inms.gsfc.nasa.gov
National Aeronautics and Space Administration,NASA Office of the Chief Information Officer,ipb.gsfc.nasa.gov
National Aeronautics and Space Administration,NASA Office of the Chief Information Officer,lance4.modaps.eosdis.nasa.gov
National Aeronautics and Space Administration,NASA Office of the Chief Information Officer,lasco6.nascom.nasa.gov
National Aeronautics and Space Administration,NASA Office of the Chief Information Officer,ldcm-cal.gsfc.nasa.gov
National Aeronautics and Space Administration,NASA Office of the Chief Information Officer,lhea.gsfc.nasa.gov
National Aeronautics and Space Administration,NASA Office of the Chief Information Officer,lightning.nsstc.nasa.gov
National Aeronautics and Space Administration,NASA Office of the Chief Information Officer,lrolr.gsfc.nasa.gov
National Aeronautics and Space Administration,NASA Office of the Chief Information Officer,lssp.gsfc.nasa.gov
National Aeronautics and Space Administration,NASA Office of the Chief Information Officer,maps.jpl.nasa.gov
National Aeronautics and Space Administration,NASA Office of the Chief Information Officer,med-eng.jpl.nasa.gov
National Aeronautics and Space Administration,NASA Office of the Chief Information Officer,medicalengineering.jpl.nasa.gov
National Aeronautics and Space Administration,NASA Office of the Chief Information Officer,mmt.earthdata.nasa.gov
National Aeronautics and Space Administration,NASA Office of the Chief Information Officer,mola.gsfc.nasa.gov
National Aeronautics and Space Administration,NASA Office of the Chief Information Officer,ndmsmpubwebp01b.ndc.nasa.gov
National Aeronautics and Space Administration,NASA Office of the Chief Information Officer,neoproperties.ndc.nasa.gov
National Aeronautics and Space Administration,NASA Office of the Chief Information Officer,nrt3.modaps.eosdis.nasa.gov
National Aeronautics and Space Administration,NASA Office of the Chief Information Officer,nrt4.modaps.eosdis.nasa.gov
National Aeronautics and Space Administration,NASA Office of the Chief Information Officer,oceanworldslab.jpl.nasa.gov
National Aeronautics and Space Administration,NASA Office of the Chief Information Officer,omisips1.omisips.eosdis.nasa.gov
National Aeronautics and Space Administration,NASA Office of the Chief Information Officer,pmm-gv.gsfc.nasa.gov
National Aeronautics and Space Administration,NASA Office of the Chief Information Officer,pps.gsfc.nasa.gov
National Aeronautics and Space Administration,NASA Office of the Chief Information Officer,push1.jsc.nasa.gov
National Aeronautics and Space Administration,NASA Office of the Chief Information Officer,rapweb.jpl.nasa.gov
National Aeronautics and Space Administration,NASA Office of the Chief Information Officer,reason-prod.larc.nasa.gov
National Aeronautics and Space Administration,NASA Office of the Chief Information Officer,remus.jpl.nasa.gov
National Aeronautics and Space Administration,NASA Office of the Chief Information Officer,satcorps.larc.nasa.gov
National Aeronautics and Space Administration,NASA Office of the Chief Information Officer,sciences.gsfc.nasa.gov
National Aeronautics and Space Administration,NASA Office of the Chief Information Officer,sedvme.gsfc.nasa.gov
National Aeronautics and Space Administration,NASA Office of the Chief Information Officer,sfa.ird.appdat.jsc.nasa.gov
National Aeronautics and Space Administration,NASA Office of the Chief Information Officer,sgp.gsfc.nasa.gov
National Aeronautics and Space Administration,NASA Office of the Chief Information Officer,sideshow.jpl.nasa.gov
National Aeronautics and Space Administration,NASA Office of the Chief Information Officer,simplesat.gsfc.nasa.gov
National Aeronautics and Space Administration,NASA Office of the Chief Information Officer,sisl.jsc.nasa.gov
National Aeronautics and Space Administration,NASA Office of the Chief Information Officer,sit.urs.earthdata.nasa.gov
National Aeronautics and Space Administration,NASA Office of the Chief Information Officer,sohoftp.nascom.nasa.gov
National Aeronautics and Space Administration,NASA Office of the Chief Information Officer,solar-b.msfc.nasa.gov
National Aeronautics and Space Administration,NASA Office of the Chief Information Officer,solarb.msfc.nasa.gov
National Aeronautics and Space Administration,NASA Office of the Chief Information Officer,solarsystem.gsfc.nasa.gov
National Aeronautics and Space Administration,NASA Office of the Chief Information Officer,space-geodesy.gsfc.nasa.gov
National Aeronautics and Space Administration,NASA Office of the Chief Information Officer,spl.gsfc.nasa.gov
National Aeronautics and Space Administration,NASA Office of the Chief Information Officer,sps.gsfc.nasa.gov
National Aeronautics and Space Administration,NASA Office of the Chief Information Officer,sunearthday.nasa.gov
National Aeronautics and Space Administration,NASA Office of the Chief Information Officer,svcp.jpl.nasa.gov
National Aeronautics and Space Administration,NASA Office of the Chief Information Officer,swl.gsfc.nasa.gov
National Aeronautics and Space Administration,NASA Office of the Chief Information Officer,townhall.nasa.gov
National Aeronautics and Space Administration,NASA Office of the Chief Information Officer,uavdb.jpl.nasa.gov
National Aeronautics and Space Administration,NASA Office of the Chief Information Officer,visual.gsfc.nasa.gov
National Aeronautics and Space Administration,NASA Office of the Chief Information Officer,wiki.earthdata.nasa.gov
National Aeronautics and Space Administration,NASA Office of the Chief Information Officer,winmd.appdat.jsc.nasa.gov
National Aeronautics and Space Administration,NASA Office of the Chief Information Officer,xd12srv.ndc.nasa.gov
National Aeronautics and Space Administration,NASA Office of the Chief Information Officer,xd12srv.nsstc.nasa.gov
National Aeronautics and Space Administration,NASA Science Data Systems Branch,apidevnew.globe.gov
National Aeronautics and Space Administration,NASA Science Data Systems Branch,apistagingnew.globe.gov
National Aeronautics and Space Administration,NASA Science Data Systems Branch,dataentrydev.globe.gov
National Aeronautics and Space Administration,NASA Science Data Systems Branch,dataentrystaging.globe.gov
National Aeronautics and Space Administration,NASA Science Data Systems Branch,datasearchstaging.globe.gov
National Aeronautics and Space Administration,NASA Science Data Systems Branch,stagingnew.globe.gov
National Aeronautics and Space Administration,NASA Science Data Systems Branch,visdevnew.globe.gov
National Aeronautics and Space Administration,NASA Science Data Systems Branch,visstaging.globe.gov
