website,website_agency,website_bureau,website_office,domain_agency_in_registry,domain_bureau_in_registry,agency_matches,bureaus_match,website_agency_name_in_registry,website_bureau_name_in_registry
apps.bea.gov,Department of Commerce,BEA,,Department of Commerce,Bureau of Economic Analysis,TRUE,FALSE,TRUE,FALSE
bea.gov,Department of Commerce,BEA,,Department of Commerce,Bureau of Economic Analysis,TRUE,FALSE,TRUE,FALSE
acmt.bis.doc.gov,Department of Commerce,BIS,,Department of Commerce,Office of the Chief Information Officer,TRUE,FALSE,TRUE,FALSE
bis.gov,Department of Commerce,BIS,,Department of Commerce,Bureau of Industry and Security,TRUE,FALSE,TRUE,FALSE
cars.bis.gov,Department of Commerce,BIS,,Department of Commerce,Bureau of Industry and Security,TRUE,FALSE,TRUE,FALSE
cwc.gov,Department of Commerce,BIS,,Department of Commerce,Bureau of Industry and Security,TRUE,FALSE,TRUE,FALSE
cwcweb.cwc.gov,Department of Commerce,BIS,,Department of Commerce,Bureau of Industry and Security,TRUE,FALSE,TRUE,FALSE
efoia.bis.doc.gov,Department of Commerce,BIS,,Department of Commerce,Office of the Chief Information Officer,TRUE,FALSE,TRUE,FALSE
slid.bis.doc.gov,Department of Commerce,BIS,,Department of Commerce,Office of the Chief Information Officer,TRUE,FALSE,TRUE,FALSE
snapr.bis.gov,Department of Commerce,BIS,,Department of Commerce,Bureau of Industry and Security,TRUE,FALSE,TRUE,FALSE
tac.bis.doc.gov,Department of Commerce,BIS,,Department of Commerce,Office of the Chief Information Officer,TRUE,FALSE,TRUE,FALSE
access.census.gov,Department of Commerce,Census,,Department of Commerce,Census Bureau,TRUE,FALSE,TRUE,FALSE
api.census.gov,Department of Commerce,Census,,Department of Commerce,Census Bureau,TRUE,FALSE,TRUE,FALSE
ask.census.gov,Department of Commerce,Census,,Department of Commerce,Census Bureau,TRUE,FALSE,TRUE,FALSE
bds.explorer.ces.census.gov,Department of Commerce,Census,,Department of Commerce,Census Bureau,TRUE,FALSE,TRUE,FALSE
bhs.econ.census.gov,Department of Commerce,Census,,Department of Commerce,Census Bureau,TRUE,FALSE,TRUE,FALSE
cbb.census.gov,Department of Commerce,Census,,Department of Commerce,Census Bureau,TRUE,FALSE,TRUE,FALSE
census.gov,Department of Commerce,Census,,Department of Commerce,Census Bureau,TRUE,FALSE,TRUE,FALSE
coil.census.gov,Department of Commerce,Census,,Department of Commerce,Census Bureau,TRUE,FALSE,TRUE,FALSE
data.census.gov,Department of Commerce,Census,,Department of Commerce,Census Bureau,TRUE,FALSE,TRUE,FALSE
geocoding.geo.census.gov,Department of Commerce,Census,,Department of Commerce,Census Bureau,TRUE,FALSE,TRUE,FALSE
j2jexplorer.ces.census.gov,Department of Commerce,Census,,Department of Commerce,Census Bureau,TRUE,FALSE,TRUE,FALSE
ledextract.ces.census.gov,Department of Commerce,Census,,Department of Commerce,Census Bureau,TRUE,FALSE,TRUE,FALSE
lehd.ces.census.gov,Department of Commerce,Census,,Department of Commerce,Census Bureau,TRUE,FALSE,TRUE,FALSE
mtgis-portal.geo.census.gov,Department of Commerce,Census,,Department of Commerce,Census Bureau,TRUE,FALSE,TRUE,FALSE
opportunity.census.gov,Department of Commerce,Census,,Department of Commerce,Census Bureau,TRUE,FALSE,TRUE,FALSE
portal.census.gov,Department of Commerce,Census,,Department of Commerce,Census Bureau,TRUE,FALSE,TRUE,FALSE
qwiexplorer.ces.census.gov,Department of Commerce,Census,,Department of Commerce,Census Bureau,TRUE,FALSE,TRUE,FALSE
respond.census.gov,Department of Commerce,Census,,Department of Commerce,Census Bureau,TRUE,FALSE,TRUE,FALSE
spd15revision.gov,Department of Commerce,Census,,Department of Commerce,Census Bureau,TRUE,FALSE,TRUE,FALSE
tigerweb.geo.census.gov,Department of Commerce,Census,,Department of Commerce,Census Bureau,TRUE,FALSE,TRUE,FALSE
usatrade.census.gov,Department of Commerce,Census,,Department of Commerce,Census Bureau,TRUE,FALSE,TRUE,FALSE
www2.census.gov,Department of Commerce,Census,,Department of Commerce,Census Bureau,TRUE,FALSE,TRUE,FALSE
xd.gov,Department of Commerce,Census,,Department of Commerce,Census Bureau,TRUE,FALSE,TRUE,FALSE
eda.gov,Department of Commerce,EDA,,Department of Commerce,Economic Development Administration,TRUE,FALSE,TRUE,FALSE
sfgrants.eda.gov,Department of Commerce,EDA,,Department of Commerce,Economic Development Administration,TRUE,FALSE,TRUE,FALSE
2014-2018.firstnet.gov,Department of Commerce,FirstNet,,Department of Commerce,National Telecommunications and Information Administration,TRUE,FALSE,TRUE,FALSE
5x5.firstnet.gov,Department of Commerce,FirstNet,,Department of Commerce,National Telecommunications and Information Administration,TRUE,FALSE,TRUE,FALSE
firstnet.gov,Department of Commerce,FirstNet,,Department of Commerce,National Telecommunications and Information Administration,TRUE,FALSE,TRUE,FALSE
access.trade.gov,Department of Commerce,ITA,,Department of Commerce,International Trade Administration,TRUE,FALSE,TRUE,FALSE
beta.trade.gov,Department of Commerce,ITA,,Department of Commerce,International Trade Administration,TRUE,FALSE,TRUE,FALSE
dataprivacyframework.gov,Department of Commerce,ITA,,Department of Commerce,International Trade Administration,TRUE,FALSE,TRUE,FALSE
developer.trade.gov,Department of Commerce,ITA,,Department of Commerce,International Trade Administration,TRUE,FALSE,TRUE,FALSE
enforcement.trade.gov,Department of Commerce,ITA,,Department of Commerce,International Trade Administration,TRUE,FALSE,TRUE,FALSE
esel.trade.gov,Department of Commerce,ITA,,Department of Commerce,International Trade Administration,TRUE,FALSE,TRUE,FALSE
legacy.export.gov,Department of Commerce,ITA,,Department of Commerce,International Trade Administration,TRUE,FALSE,TRUE,FALSE
legacy.trade.gov,Department of Commerce,ITA,,Department of Commerce,International Trade Administration,TRUE,FALSE,TRUE,FALSE
ofis.trade.gov,Department of Commerce,ITA,,Department of Commerce,International Trade Administration,TRUE,FALSE,TRUE,FALSE
stopfakes.gov,Department of Commerce,ITA,,Department of Commerce,International Trade Administration,TRUE,FALSE,TRUE,FALSE
trade.gov,Department of Commerce,ITA,,Department of Commerce,International Trade Administration,TRUE,FALSE,TRUE,FALSE
wwtg.gov,Department of Commerce,ITA,,Department of Commerce,International Trade Administration,TRUE,FALSE,TRUE,FALSE
mbda.gov,Department of Commerce,MBDA,,Department of Commerce,Minority Business Development Agency,TRUE,FALSE,TRUE,FALSE
abacus.nist.gov,Department of Commerce,NIST,,Department of Commerce,National Institute of Standards and Technology,TRUE,FALSE,TRUE,FALSE
actev.nist.gov,Department of Commerce,NIST,,Department of Commerce,National Institute of Standards and Technology,TRUE,FALSE,TRUE,FALSE
acvts.nist.gov,Department of Commerce,NIST,,Department of Commerce,National Institute of Standards and Technology,TRUE,FALSE,TRUE,FALSE
adsorption.nist.gov,Department of Commerce,NIST,,Department of Commerce,National Institute of Standards and Technology,TRUE,FALSE,TRUE,FALSE
ai-challenges.nist.gov,Department of Commerce,NIST,,Department of Commerce,National Institute of Standards and Technology,TRUE,FALSE,TRUE,FALSE
airc.nist.gov,Department of Commerce,NIST,,Department of Commerce,National Institute of Standards and Technology,TRUE,FALSE,TRUE,FALSE
ambench.nist.gov,Department of Commerce,NIST,,Department of Commerce,National Institute of Standards and Technology,TRUE,FALSE,TRUE,FALSE
ambench2022.nist.gov,Department of Commerce,NIST,,Department of Commerce,National Institute of Standards and Technology,TRUE,FALSE,TRUE,FALSE
ammd.nist.gov,Department of Commerce,NIST,,Department of Commerce,National Institute of Standards and Technology,TRUE,FALSE,TRUE,FALSE
aphl.nist.gov,Department of Commerce,NIST,,Department of Commerce,National Institute of Standards and Technology,TRUE,FALSE,TRUE,FALSE
askchips.chips.gov,Department of Commerce,NIST,,Department of Commerce,National Institute of Standards and Technology,TRUE,FALSE,TRUE,FALSE
baldrigeresources.nist.gov,Department of Commerce,NIST,,Department of Commerce,National Institute of Standards and Technology,TRUE,FALSE,TRUE,FALSE
bbddata.nist.gov,Department of Commerce,NIST,,Department of Commerce,National Institute of Standards and Technology,TRUE,FALSE,TRUE,FALSE
boudicca.nist.gov,Department of Commerce,NIST,,Department of Commerce,National Institute of Standards and Technology,TRUE,FALSE,TRUE,FALSE
boulder.doc.gov,Department of Commerce,NIST,,Department of Commerce,Office of the Chief Information Officer,TRUE,FALSE,TRUE,FALSE
calnet.nist.gov,Department of Commerce,NIST,,Department of Commerce,National Institute of Standards and Technology,TRUE,FALSE,TRUE,FALSE
cccbdb.nist.gov,Department of Commerce,NIST,,Department of Commerce,National Institute of Standards and Technology,TRUE,FALSE,TRUE,FALSE
cda-validation.nist.gov,Department of Commerce,NIST,,Department of Commerce,National Institute of Standards and Technology,TRUE,FALSE,TRUE,FALSE
cdcs.registry.nist.gov,Department of Commerce,NIST,,Department of Commerce,National Institute of Standards and Technology,TRUE,FALSE,TRUE,FALSE
cfreds.nist.gov,Department of Commerce,NIST,,Department of Commerce,National Institute of Standards and Technology,TRUE,FALSE,TRUE,FALSE
cfreds-archive.nist.gov,Department of Commerce,NIST,,Department of Commerce,National Institute of Standards and Technology,TRUE,FALSE,TRUE,FALSE
chemdata.nist.gov,Department of Commerce,NIST,,Department of Commerce,National Institute of Standards and Technology,TRUE,FALSE,TRUE,FALSE
circular.nist.gov,Department of Commerce,NIST,,Department of Commerce,National Institute of Standards and Technology,TRUE,FALSE,TRUE,FALSE
code.nist.gov,Department of Commerce,NIST,,Department of Commerce,National Institute of Standards and Technology,TRUE,FALSE,TRUE,FALSE
concrete.nist.gov,Department of Commerce,NIST,,Department of Commerce,National Institute of Standards and Technology,TRUE,FALSE,TRUE,FALSE
consensus.nist.gov,Department of Commerce,NIST,,Department of Commerce,National Institute of Standards and Technology,TRUE,FALSE,TRUE,FALSE
covid19-data.nist.gov,Department of Commerce,NIST,,Department of Commerce,National Institute of Standards and Technology,TRUE,FALSE,TRUE,FALSE
csrc.nist.gov,Department of Commerce,NIST,,Department of Commerce,National Institute of Standards and Technology,TRUE,FALSE,TRUE,FALSE
cstl.nist.gov,Department of Commerce,NIST,,Department of Commerce,National Institute of Standards and Technology,TRUE,FALSE,TRUE,FALSE
data.nist.gov,Department of Commerce,NIST,,Department of Commerce,National Institute of Standards and Technology,TRUE,FALSE,TRUE,FALSE
decisiontree.nist.gov,Department of Commerce,NIST,,Department of Commerce,National Institute of Standards and Technology,TRUE,FALSE,TRUE,FALSE
dlmf.nist.gov,Department of Commerce,NIST,,Department of Commerce,National Institute of Standards and Technology,TRUE,FALSE,TRUE,FALSE
duc.nist.gov,Department of Commerce,NIST,,Department of Commerce,National Institute of Standards and Technology,TRUE,FALSE,TRUE,FALSE
e3.nist.gov,Department of Commerce,NIST,,Department of Commerce,National Institute of Standards and Technology,TRUE,FALSE,TRUE,FALSE
ecc.nist.gov,Department of Commerce,NIST,,Department of Commerce,National Institute of Standards and Technology,TRUE,FALSE,TRUE,FALSE
edges.nist.gov,Department of Commerce,NIST,,Department of Commerce,National Institute of Standards and Technology,TRUE,FALSE,TRUE,FALSE
emtoolbox.nist.gov,Department of Commerce,NIST,,Department of Commerce,National Institute of Standards and Technology,TRUE,FALSE,TRUE,FALSE
events.nist.gov,Department of Commerce,NIST,,Department of Commerce,National Institute of Standards and Technology,TRUE,FALSE,TRUE,FALSE
firedoc.nist.gov,Department of Commerce,NIST,,Department of Commerce,National Institute of Standards and Technology,TRUE,FALSE,TRUE,FALSE
fits.nist.gov,Department of Commerce,NIST,,Department of Commerce,National Institute of Standards and Technology,TRUE,FALSE,TRUE,FALSE
gams.nist.gov,Department of Commerce,NIST,,Department of Commerce,National Institute of Standards and Technology,TRUE,FALSE,TRUE,FALSE
gashydrates.nist.gov,Department of Commerce,NIST,,Department of Commerce,National Institute of Standards and Technology,TRUE,FALSE,TRUE,FALSE
ghgr.nist.gov,Department of Commerce,NIST,,Department of Commerce,National Institute of Standards and Technology,TRUE,FALSE,TRUE,FALSE
hit-dev.nist.gov,Department of Commerce,NIST,,Department of Commerce,National Institute of Standards and Technology,TRUE,FALSE,TRUE,FALSE
hit-nexus.nist.gov,Department of Commerce,NIST,,Department of Commerce,National Institute of Standards and Technology,TRUE,FALSE,TRUE,FALSE
hl7v2-elr-testing.nist.gov,Department of Commerce,NIST,,Department of Commerce,National Institute of Standards and Technology,TRUE,FALSE,TRUE,FALSE
hl7v2-gvt.nist.gov,Department of Commerce,NIST,,Department of Commerce,National Institute of Standards and Technology,TRUE,FALSE,TRUE,FALSE
hl7v2-igamt.nist.gov,Department of Commerce,NIST,,Department of Commerce,National Institute of Standards and Technology,TRUE,FALSE,TRUE,FALSE
hl7v2-igamt-2.nist.gov,Department of Commerce,NIST,,Department of Commerce,National Institute of Standards and Technology,TRUE,FALSE,TRUE,FALSE
hl7v2-iz-cdc-testing.nist.gov,Department of Commerce,NIST,,Department of Commerce,National Institute of Standards and Technology,TRUE,FALSE,TRUE,FALSE
hl7v2-iz-r1-5-testing.nist.gov,Department of Commerce,NIST,,Department of Commerce,National Institute of Standards and Technology,TRUE,FALSE,TRUE,FALSE
hl7v2-lab-r2-testing.nist.gov,Department of Commerce,NIST,,Department of Commerce,National Institute of Standards and Technology,TRUE,FALSE,TRUE,FALSE
hl7v2-lab-testing.nist.gov,Department of Commerce,NIST,,Department of Commerce,National Institute of Standards and Technology,TRUE,FALSE,TRUE,FALSE
hl7v2-ss-r2-testing.nist.gov,Department of Commerce,NIST,,Department of Commerce,National Institute of Standards and Technology,TRUE,FALSE,TRUE,FALSE
hl7v2tools.nist.gov,Department of Commerce,NIST,,Department of Commerce,National Institute of Standards and Technology,TRUE,FALSE,TRUE,FALSE
ibal.nist.gov,Department of Commerce,NIST,,Department of Commerce,National Institute of Standards and Technology,TRUE,FALSE,TRUE,FALSE
icsd.nist.gov,Department of Commerce,NIST,,Department of Commerce,National Institute of Standards and Technology,TRUE,FALSE,TRUE,FALSE
ihe-pcd.nist.gov,Department of Commerce,NIST,,Department of Commerce,National Institute of Standards and Technology,TRUE,FALSE,TRUE,FALSE
ihexds.nist.gov,Department of Commerce,NIST,,Department of Commerce,National Institute of Standards and Technology,TRUE,FALSE,TRUE,FALSE
ilthermo.boulder.nist.gov,Department of Commerce,NIST,,Department of Commerce,National Institute of Standards and Technology,TRUE,FALSE,TRUE,FALSE
ir.nist.gov,Department of Commerce,NIST,,Department of Commerce,National Institute of Standards and Technology,TRUE,FALSE,TRUE,FALSE
isg.nist.gov,Department of Commerce,NIST,,Department of Commerce,National Institute of Standards and Technology,TRUE,FALSE,TRUE,FALSE
its90.nist.gov,Department of Commerce,NIST,,Department of Commerce,National Institute of Standards and Technology,TRUE,FALSE,TRUE,FALSE
janaf.nist.gov,Department of Commerce,NIST,,Department of Commerce,National Institute of Standards and Technology,TRUE,FALSE,TRUE,FALSE
jarvis.nist.gov,Department of Commerce,NIST,,Department of Commerce,National Institute of Standards and Technology,TRUE,FALSE,TRUE,FALSE
kinetics.nist.gov,Department of Commerce,NIST,,Department of Commerce,National Institute of Standards and Technology,TRUE,FALSE,TRUE,FALSE
lre.nist.gov,Department of Commerce,NIST,,Department of Commerce,National Institute of Standards and Technology,TRUE,FALSE,TRUE,FALSE
maldi.nist.gov,Department of Commerce,NIST,,Department of Commerce,National Institute of Standards and Technology,TRUE,FALSE,TRUE,FALSE
manufacturing.gov,Department of Commerce,NIST,,Department of Commerce,National Institute of Standards and Technology,TRUE,FALSE,TRUE,FALSE
materials.registry.nist.gov,Department of Commerce,NIST,,Department of Commerce,National Institute of Standards and Technology,TRUE,FALSE,TRUE,FALSE
math.nist.gov,Department of Commerce,NIST,,Department of Commerce,National Institute of Standards and Technology,TRUE,FALSE,TRUE,FALSE
mdcs.nist.gov,Department of Commerce,NIST,,Department of Commerce,National Institute of Standards and Technology,TRUE,FALSE,TRUE,FALSE
meis.nist.gov,Department of Commerce,NIST,,Department of Commerce,National Institute of Standards and Technology,TRUE,FALSE,TRUE,FALSE
mfc.nist.gov,Department of Commerce,NIST,,Department of Commerce,National Institute of Standards and Technology,TRUE,FALSE,TRUE,FALSE
mgi.gov,Department of Commerce,NIST,,Department of Commerce,National Institute of Standards and Technology,TRUE,FALSE,TRUE,FALSE
nccoe.nist.gov,Department of Commerce,NIST,,Department of Commerce,National Institute of Standards and Technology,TRUE,FALSE,TRUE,FALSE
ncp.nist.gov,Department of Commerce,NIST,,Department of Commerce,National Institute of Standards and Technology,TRUE,FALSE,TRUE,FALSE
nehrp.gov,Department of Commerce,NIST,,Department of Commerce,National Institute of Standards and Technology,TRUE,FALSE,TRUE,FALSE
nehrpsearch.nist.gov,Department of Commerce,NIST,,Department of Commerce,National Institute of Standards and Technology,TRUE,FALSE,TRUE,FALSE
nemo.nist.gov,Department of Commerce,NIST,,Department of Commerce,National Institute of Standards and Technology,TRUE,FALSE,TRUE,FALSE
nestr.nist.gov,Department of Commerce,NIST,,Department of Commerce,National Institute of Standards and Technology,TRUE,FALSE,TRUE,FALSE
nextg.nist.gov,Department of Commerce,NIST,,Department of Commerce,National Institute of Standards and Technology,TRUE,FALSE,TRUE,FALSE
nigos.nist.gov,Department of Commerce,NIST,,Department of Commerce,National Institute of Standards and Technology,TRUE,FALSE,TRUE,FALSE
nist.gov,Department of Commerce,NIST,,Department of Commerce,National Institute of Standards and Technology,TRUE,FALSE,TRUE,FALSE
nlte.nist.gov,Department of Commerce,NIST,,Department of Commerce,National Institute of Standards and Technology,TRUE,FALSE,TRUE,FALSE
nvd.nist.gov,Department of Commerce,NIST,,Department of Commerce,National Institute of Standards and Technology,TRUE,FALSE,TRUE,FALSE
nvlpubs.nist.gov,Department of Commerce,NIST,,Department of Commerce,National Institute of Standards and Technology,TRUE,FALSE,TRUE,FALSE
openfad.nist.gov,Department of Commerce,NIST,,Department of Commerce,National Institute of Standards and Technology,TRUE,FALSE,TRUE,FALSE
p-act.nist.gov,Department of Commerce,NIST,,Department of Commerce,National Institute of Standards and Technology,TRUE,FALSE,TRUE,FALSE
pages.nist.gov,Department of Commerce,NIST,,Department of Commerce,National Institute of Standards and Technology,TRUE,FALSE,TRUE,FALSE
pah.nist.gov,Department of Commerce,NIST,,Department of Commerce,National Institute of Standards and Technology,TRUE,FALSE,TRUE,FALSE
phasedata.nist.gov,Department of Commerce,NIST,,Department of Commerce,National Institute of Standards and Technology,TRUE,FALSE,TRUE,FALSE
potentials.nist.gov,Department of Commerce,NIST,,Department of Commerce,National Institute of Standards and Technology,TRUE,FALSE,TRUE,FALSE
pv2.nist.gov,Department of Commerce,NIST,,Department of Commerce,National Institute of Standards and Technology,TRUE,FALSE,TRUE,FALSE
pvdata.nist.gov,Department of Commerce,NIST,,Department of Commerce,National Institute of Standards and Technology,TRUE,FALSE,TRUE,FALSE
randr.nist.gov,Department of Commerce,NIST,,Department of Commerce,National Institute of Standards and Technology,TRUE,FALSE,TRUE,FALSE
randr19.nist.gov,Department of Commerce,NIST,,Department of Commerce,National Institute of Standards and Technology,TRUE,FALSE,TRUE,FALSE
rdaf.nist.gov,Department of Commerce,NIST,,Department of Commerce,National Institute of Standards and Technology,TRUE,FALSE,TRUE,FALSE
reductus.nist.gov,Department of Commerce,NIST,,Department of Commerce,National Institute of Standards and Technology,TRUE,FALSE,TRUE,FALSE
rpki-monitor.antd.nist.gov,Department of Commerce,NIST,,Department of Commerce,National Institute of Standards and Technology,TRUE,FALSE,TRUE,FALSE
rtmms.nist.gov,Department of Commerce,NIST,,Department of Commerce,National Institute of Standards and Technology,TRUE,FALSE,TRUE,FALSE
sat.nist.gov,Department of Commerce,NIST,,Department of Commerce,National Institute of Standards and Technology,TRUE,FALSE,TRUE,FALSE
shop.nist.gov,Department of Commerce,NIST,,Department of Commerce,National Institute of Standards and Technology,TRUE,FALSE,TRUE,FALSE
sibr.nist.gov,Department of Commerce,NIST,,Department of Commerce,National Institute of Standards and Technology,TRUE,FALSE,TRUE,FALSE
sitexpress.nist.gov,Department of Commerce,NIST,,Department of Commerce,National Institute of Standards and Technology,TRUE,FALSE,TRUE,FALSE
smstestbed.nist.gov,Department of Commerce,NIST,,Department of Commerce,National Institute of Standards and Technology,TRUE,FALSE,TRUE,FALSE
srdata.nist.gov,Department of Commerce,NIST,,Department of Commerce,National Institute of Standards and Technology,TRUE,FALSE,TRUE,FALSE
sre.nist.gov,Department of Commerce,NIST,,Department of Commerce,National Institute of Standards and Technology,TRUE,FALSE,TRUE,FALSE
strbase.nist.gov,Department of Commerce,NIST,,Department of Commerce,National Institute of Standards and Technology,TRUE,FALSE,TRUE,FALSE
survey.nist.gov,Department of Commerce,NIST,,Department of Commerce,National Institute of Standards and Technology,TRUE,FALSE,TRUE,FALSE
tac.nist.gov,Department of Commerce,NIST,,Department of Commerce,National Institute of Standards and Technology,TRUE,FALSE,TRUE,FALSE
tcamt.nist.gov,Department of Commerce,NIST,,Department of Commerce,National Institute of Standards and Technology,TRUE,FALSE,TRUE,FALSE
time.gov,Department of Commerce,NIST,,Department of Commerce,National Institute of Standards and Technology,TRUE,FALSE,TRUE,FALSE
toolcatalog.nist.gov,Department of Commerce,NIST,,Department of Commerce,National Institute of Standards and Technology,TRUE,FALSE,TRUE,FALSE
trc.nist.gov,Department of Commerce,NIST,,Department of Commerce,National Institute of Standards and Technology,TRUE,FALSE,TRUE,FALSE
trec.nist.gov,Department of Commerce,NIST,,Department of Commerce,National Institute of Standards and Technology,TRUE,FALSE,TRUE,FALSE
trecvid.nist.gov,Department of Commerce,NIST,,Department of Commerce,National Institute of Standards and Technology,TRUE,FALSE,TRUE,FALSE
tsapps.nist.gov,Department of Commerce,NIST,,Department of Commerce,National Institute of Standards and Technology,TRUE,FALSE,TRUE,FALSE
uncertainty.nist.gov,Department of Commerce,NIST,,Department of Commerce,National Institute of Standards and Technology,TRUE,FALSE,TRUE,FALSE
usgv6-deploymon.nist.gov,Department of Commerce,NIST,,Department of Commerce,National Institute of Standards and Technology,TRUE,FALSE,TRUE,FALSE
visiblecement.nist.gov,Department of Commerce,NIST,,Department of Commerce,National Institute of Standards and Technology,TRUE,FALSE,TRUE,FALSE
vmsshare.nist.gov,Department of Commerce,NIST,,Department of Commerce,National Institute of Standards and Technology,TRUE,FALSE,TRUE,FALSE
vocab.nist.gov,Department of Commerce,NIST,,Department of Commerce,National Institute of Standards and Technology,TRUE,FALSE,TRUE,FALSE
webbook.nist.gov,Department of Commerce,NIST,,Department of Commerce,National Institute of Standards and Technology,TRUE,FALSE,TRUE,FALSE
wipp-plugins.nist.gov,Department of Commerce,NIST,,Department of Commerce,National Institute of Standards and Technology,TRUE,FALSE,TRUE,FALSE
ws680.nist.gov,Department of Commerce,NIST,,Department of Commerce,National Institute of Standards and Technology,TRUE,FALSE,TRUE,FALSE
wtt-lite.nist.gov,Department of Commerce,NIST,,Department of Commerce,National Institute of Standards and Technology,TRUE,FALSE,TRUE,FALSE
wtt-pro.nist.gov,Department of Commerce,NIST,,Department of Commerce,National Institute of Standards and Technology,TRUE,FALSE,TRUE,FALSE
www-nlpir.nist.gov,Department of Commerce,NIST,,Department of Commerce,National Institute of Standards and Technology,TRUE,FALSE,TRUE,FALSE
zeno.nist.gov,Department of Commerce,NIST,,Department of Commerce,National Institute of Standards and Technology,TRUE,FALSE,TRUE,FALSE
adios.orr.noaa.gov,Department of Commerce,NOAA,,Department of Commerce,National Oceanic and Atmospheric Administration,TRUE,FALSE,TRUE,FALSE
adp.noaa.gov,Department of Commerce,NOAA,,Department of Commerce,National Oceanic and Atmospheric Administration,TRUE,FALSE,TRUE,FALSE
airquality.weather.gov,Department of Commerce,NOAA,,Department of Commerce,National Oceanic and Atmospheric Administration,TRUE,FALSE,TRUE,FALSE
alaskafisheries.noaa.gov,Department of Commerce,NOAA,,Department of Commerce,National Oceanic and Atmospheric Administration,TRUE,FALSE,TRUE,FALSE
alerts.weather.gov,Department of Commerce,NOAA,,Department of Commerce,National Oceanic and Atmospheric Administration,TRUE,FALSE,TRUE,FALSE
alerts-v2.weather.gov,Department of Commerce,NOAA,,Department of Commerce,National Oceanic and Atmospheric Administration,TRUE,FALSE,TRUE,FALSE
alpha.ngs.noaa.gov,Department of Commerce,NOAA,,Department of Commerce,National Oceanic and Atmospheric Administration,TRUE,FALSE,TRUE,FALSE
amdar.ncep.noaa.gov,Department of Commerce,NOAA,,Department of Commerce,National Oceanic and Atmospheric Administration,TRUE,FALSE,TRUE,FALSE
amdar.noaa.gov,Department of Commerce,NOAA,,Department of Commerce,National Oceanic and Atmospheric Administration,TRUE,FALSE,TRUE,FALSE
americansamoa.noaa.gov,Department of Commerce,NOAA,,Department of Commerce,National Oceanic and Atmospheric Administration,TRUE,FALSE,TRUE,FALSE
aocground.omao.noaa.gov,Department of Commerce,NOAA,,Department of Commerce,National Oceanic and Atmospheric Administration,TRUE,FALSE,TRUE,FALSE
aoml.noaa.gov,Department of Commerce,NOAA,,Department of Commerce,National Oceanic and Atmospheric Administration,TRUE,FALSE,TRUE,FALSE
app.coastalscience.noaa.gov,Department of Commerce,NOAA,,Department of Commerce,National Oceanic and Atmospheric Administration,TRUE,FALSE,TRUE,FALSE
apps.arl.noaa.gov,Department of Commerce,NOAA,,Department of Commerce,National Oceanic and Atmospheric Administration,TRUE,FALSE,TRUE,FALSE
apps.nmfs.noaa.gov,Department of Commerce,NOAA,,Department of Commerce,National Oceanic and Atmospheric Administration,TRUE,FALSE,TRUE,FALSE
apps.nssl.noaa.gov,Department of Commerce,NOAA,,Department of Commerce,National Oceanic and Atmospheric Administration,TRUE,FALSE,TRUE,FALSE
apps-afsc.fisheries.noaa.gov,Department of Commerce,NOAA,,Department of Commerce,National Oceanic and Atmospheric Administration,TRUE,FALSE,TRUE,FALSE
apps-garfo.fisheries.noaa.gov,Department of Commerce,NOAA,,Department of Commerce,National Oceanic and Atmospheric Administration,TRUE,FALSE,TRUE,FALSE
apps-pifsc.fisheries.noaa.gov,Department of Commerce,NOAA,,Department of Commerce,National Oceanic and Atmospheric Administration,TRUE,FALSE,TRUE,FALSE
apps-sefsc.fisheries.noaa.gov,Department of Commerce,NOAA,,Department of Commerce,National Oceanic and Atmospheric Administration,TRUE,FALSE,TRUE,FALSE
archive.fisheries.noaa.gov,Department of Commerce,NOAA,,Department of Commerce,National Oceanic and Atmospheric Administration,TRUE,FALSE,TRUE,FALSE
archive.oceanexplorer.noaa.gov,Department of Commerce,NOAA,,Department of Commerce,National Oceanic and Atmospheric Administration,TRUE,FALSE,TRUE,FALSE
arctic.noaa.gov,Department of Commerce,NOAA,,Department of Commerce,National Oceanic and Atmospheric Administration,TRUE,FALSE,TRUE,FALSE
arl.noaa.gov,Department of Commerce,NOAA,,Department of Commerce,National Oceanic and Atmospheric Administration,TRUE,FALSE,TRUE,FALSE
atlhmscatchshares.fisheries.noaa.gov,Department of Commerce,NOAA,,Department of Commerce,National Oceanic and Atmospheric Administration,TRUE,FALSE,TRUE,FALSE
aviationweather.gov,Department of Commerce,NOAA,,Department of Commerce,National Weather Service,TRUE,FALSE,TRUE,FALSE
beaconregistration.noaa.gov,Department of Commerce,NOAA,,Department of Commerce,National Oceanic and Atmospheric Administration,TRUE,FALSE,TRUE,FALSE
beta.ngs.noaa.gov,Department of Commerce,NOAA,,Department of Commerce,National Oceanic and Atmospheric Administration,TRUE,FALSE,TRUE,FALSE
beta.weather.gov,Department of Commerce,NOAA,,Department of Commerce,National Oceanic and Atmospheric Administration,TRUE,FALSE,TRUE,FALSE
bigsouthfork.atdd.noaa.gov,Department of Commerce,NOAA,,Department of Commerce,National Oceanic and Atmospheric Administration,TRUE,FALSE,TRUE,FALSE
blog.marinedebris.noaa.gov,Department of Commerce,NOAA,,Department of Commerce,National Oceanic and Atmospheric Administration,TRUE,FALSE,TRUE,FALSE
blog.response.restoration.noaa.gov,Department of Commerce,NOAA,,Department of Commerce,National Oceanic and Atmospheric Administration,TRUE,FALSE,TRUE,FALSE
boulder.noaa.gov,Department of Commerce,NOAA,,Department of Commerce,National Oceanic and Atmospheric Administration,TRUE,FALSE,TRUE,FALSE
buoybay.noaa.gov,Department of Commerce,NOAA,,Department of Commerce,National Oceanic and Atmospheric Administration,TRUE,FALSE,TRUE,FALSE
bycatchreporting.fisheries.noaa.gov,Department of Commerce,NOAA,,Department of Commerce,National Oceanic and Atmospheric Administration,TRUE,FALSE,TRUE,FALSE
cafe.orr.noaa.gov,Department of Commerce,NOAA,,Department of Commerce,National Oceanic and Atmospheric Administration,TRUE,FALSE,TRUE,FALSE
california-mdc.diver.orr.noaa.gov,Department of Commerce,NOAA,,Department of Commerce,National Oceanic and Atmospheric Administration,TRUE,FALSE,TRUE,FALSE
cameo.noaa.gov,Department of Commerce,NOAA,,Department of Commerce,National Oceanic and Atmospheric Administration,TRUE,FALSE,TRUE,FALSE
cameochemicals.noaa.gov,Department of Commerce,NOAA,,Department of Commerce,National Oceanic and Atmospheric Administration,TRUE,FALSE,TRUE,FALSE
campcreek.atdd.noaa.gov,Department of Commerce,NOAA,,Department of Commerce,National Oceanic and Atmospheric Administration,TRUE,FALSE,TRUE,FALSE
cams.nssl.noaa.gov,Department of Commerce,NOAA,,Department of Commerce,National Oceanic and Atmospheric Administration,TRUE,FALSE,TRUE,FALSE
carbontracker.noaa.gov,Department of Commerce,NOAA,,Department of Commerce,National Oceanic and Atmospheric Administration,TRUE,FALSE,TRUE,FALSE
carto.bldc.nwave.noaa.gov,Department of Commerce,NOAA,,Department of Commerce,National Oceanic and Atmospheric Administration,TRUE,FALSE,TRUE,FALSE
carto.ctc.nwave.noaa.gov,Department of Commerce,NOAA,,Department of Commerce,National Oceanic and Atmospheric Administration,TRUE,FALSE,TRUE,FALSE
carto.nwave.noaa.gov,Department of Commerce,NOAA,,Department of Commerce,National Oceanic and Atmospheric Administration,TRUE,FALSE,TRUE,FALSE
cbexapp.noaa.gov,Department of Commerce,NOAA,,Department of Commerce,National Oceanic and Atmospheric Administration,TRUE,FALSE,TRUE,FALSE
cbrfc.noaa.gov,Department of Commerce,NOAA,,Department of Commerce,National Oceanic and Atmospheric Administration,TRUE,FALSE,TRUE,FALSE
cbwofs.nssl.noaa.gov,Department of Commerce,NOAA,,Department of Commerce,National Oceanic and Atmospheric Administration,TRUE,FALSE,TRUE,FALSE
cdhc.noaa.gov,Department of Commerce,NOAA,,Department of Commerce,National Oceanic and Atmospheric Administration,TRUE,FALSE,TRUE,FALSE
celebrating200years.noaa.gov,Department of Commerce,NOAA,,Department of Commerce,National Oceanic and Atmospheric Administration,TRUE,FALSE,TRUE,FALSE
certificate.seafoodinspection.nmfs.noaa.gov,Department of Commerce,NOAA,,Department of Commerce,National Oceanic and Atmospheric Administration,TRUE,FALSE,TRUE,FALSE
cfs.ncep.noaa.gov,Department of Commerce,NOAA,,Department of Commerce,National Oceanic and Atmospheric Administration,TRUE,FALSE,TRUE,FALSE
channelislands.noaa.gov,Department of Commerce,NOAA,,Department of Commerce,National Oceanic and Atmospheric Administration,TRUE,FALSE,TRUE,FALSE
charts.noaa.gov,Department of Commerce,NOAA,,Department of Commerce,National Oceanic and Atmospheric Administration,TRUE,FALSE,TRUE,FALSE
ci.noaa.gov,Department of Commerce,NOAA,,Department of Commerce,National Oceanic and Atmospheric Administration,TRUE,FALSE,TRUE,FALSE
class.noaa.gov,Department of Commerce,NOAA,,Department of Commerce,National Oceanic and Atmospheric Administration,TRUE,FALSE,TRUE,FALSE
clearinghouse.marinedebris.noaa.gov,Department of Commerce,NOAA,,Department of Commerce,National Oceanic and Atmospheric Administration,TRUE,FALSE,TRUE,FALSE
climate.gov,Department of Commerce,NOAA,,Department of Commerce,NWS/OPS33,TRUE,FALSE,TRUE,FALSE
cmist.noaa.gov,Department of Commerce,NOAA,,Department of Commerce,National Oceanic and Atmospheric Administration,TRUE,FALSE,TRUE,FALSE
coast.noaa.gov,Department of Commerce,NOAA,,Department of Commerce,National Oceanic and Atmospheric Administration,TRUE,FALSE,TRUE,FALSE
coastaloceanmodels.noaa.gov,Department of Commerce,NOAA,,Department of Commerce,National Oceanic and Atmospheric Administration,TRUE,FALSE,TRUE,FALSE
coastalscience.noaa.gov,Department of Commerce,NOAA,,Department of Commerce,National Oceanic and Atmospheric Administration,TRUE,FALSE,TRUE,FALSE
coastwatch.glerl.noaa.gov,Department of Commerce,NOAA,,Department of Commerce,National Oceanic and Atmospheric Administration,TRUE,FALSE,TRUE,FALSE
coastwatch.noaa.gov,Department of Commerce,NOAA,,Department of Commerce,National Oceanic and Atmospheric Administration,TRUE,FALSE,TRUE,FALSE
coastwatch.pfeg.noaa.gov,Department of Commerce,NOAA,,Department of Commerce,National Oceanic and Atmospheric Administration,TRUE,FALSE,TRUE,FALSE
codes.nws.noaa.gov,Department of Commerce,NOAA,,Department of Commerce,National Oceanic and Atmospheric Administration,TRUE,FALSE,TRUE,FALSE
coralreef.noaa.gov,Department of Commerce,NOAA,,Department of Commerce,National Oceanic and Atmospheric Administration,TRUE,FALSE,TRUE,FALSE
coralreefwatch.noaa.gov,Department of Commerce,NOAA,,Department of Commerce,National Oceanic and Atmospheric Administration,TRUE,FALSE,TRUE,FALSE
cordellbank.noaa.gov,Department of Commerce,NOAA,,Department of Commerce,National Oceanic and Atmospheric Administration,TRUE,FALSE,TRUE,FALSE
coris.noaa.gov,Department of Commerce,NOAA,,Department of Commerce,National Oceanic and Atmospheric Administration,TRUE,FALSE,TRUE,FALSE
councils.fisheries.noaa.gov,Department of Commerce,NOAA,,Department of Commerce,National Oceanic and Atmospheric Administration,TRUE,FALSE,TRUE,FALSE
cpc.ncep.noaa.gov,Department of Commerce,NOAA,,Department of Commerce,National Oceanic and Atmospheric Administration,TRUE,FALSE,TRUE,FALSE
cpo.noaa.gov,Department of Commerce,NOAA,,Department of Commerce,National Oceanic and Atmospheric Administration,TRUE,FALSE,TRUE,FALSE
csl.noaa.gov,Department of Commerce,NOAA,,Department of Commerce,National Oceanic and Atmospheric Administration,TRUE,FALSE,TRUE,FALSE
cwcaribbean.aoml.noaa.gov,Department of Commerce,NOAA,,Department of Commerce,National Oceanic and Atmospheric Administration,TRUE,FALSE,TRUE,FALSE
cwcgom.aoml.noaa.gov,Department of Commerce,NOAA,,Department of Commerce,National Oceanic and Atmospheric Administration,TRUE,FALSE,TRUE,FALSE
darrp.noaa.gov,Department of Commerce,NOAA,,Department of Commerce,National Oceanic and Atmospheric Administration,TRUE,FALSE,TRUE,FALSE
data.noaa.gov,Department of Commerce,NOAA,,Department of Commerce,National Oceanic and Atmospheric Administration,TRUE,FALSE,TRUE,FALSE
data.nssl.noaa.gov,Department of Commerce,NOAA,,Department of Commerce,National Oceanic and Atmospheric Administration,TRUE,FALSE,TRUE,FALSE
data.pmel.noaa.gov,Department of Commerce,NOAA,,Department of Commerce,National Oceanic and Atmospheric Administration,TRUE,FALSE,TRUE,FALSE
data1.gfdl.noaa.gov,Department of Commerce,NOAA,,Department of Commerce,National Oceanic and Atmospheric Administration,TRUE,FALSE,TRUE,FALSE
dcs1.noaa.gov,Department of Commerce,NOAA,,Department of Commerce,National Oceanic and Atmospheric Administration,TRUE,FALSE,TRUE,FALSE
dcs2.noaa.gov,Department of Commerce,NOAA,,Department of Commerce,National Oceanic and Atmospheric Administration,TRUE,FALSE,TRUE,FALSE
dcs3.noaa.gov,Department of Commerce,NOAA,,Department of Commerce,National Oceanic and Atmospheric Administration,TRUE,FALSE,TRUE,FALSE
dcs4.noaa.gov,Department of Commerce,NOAA,,Department of Commerce,National Oceanic and Atmospheric Administration,TRUE,FALSE,TRUE,FALSE
deepseacoraldata.noaa.gov,Department of Commerce,NOAA,,Department of Commerce,National Oceanic and Atmospheric Administration,TRUE,FALSE,TRUE,FALSE
dengueforecasting.noaa.gov,Department of Commerce,NOAA,,Department of Commerce,National Oceanic and Atmospheric Administration,TRUE,FALSE,TRUE,FALSE
digital.weather.gov,Department of Commerce,NOAA,,Department of Commerce,National Oceanic and Atmospheric Administration,TRUE,FALSE,TRUE,FALSE
discover.library.noaa.gov,Department of Commerce,NOAA,,Department of Commerce,National Oceanic and Atmospheric Administration,TRUE,FALSE,TRUE,FALSE
distribution.charts.noaa.gov,Department of Commerce,NOAA,,Department of Commerce,National Oceanic and Atmospheric Administration,TRUE,FALSE,TRUE,FALSE
diver.orr.noaa.gov,Department of Commerce,NOAA,,Department of Commerce,National Oceanic and Atmospheric Administration,TRUE,FALSE,TRUE,FALSE
dods.ndbc.noaa.gov,Department of Commerce,NOAA,,Department of Commerce,National Oceanic and Atmospheric Administration,TRUE,FALSE,TRUE,FALSE
drought.gov,Department of Commerce,NOAA,,Department of Commerce,NOAA/NCDC,TRUE,FALSE,TRUE,FALSE
dsfa.nmfs.noaa.gov,Department of Commerce,NOAA,,Department of Commerce,National Oceanic and Atmospheric Administration,TRUE,FALSE,TRUE,FALSE
eastcoast.coastwatch.noaa.gov,Department of Commerce,NOAA,,Department of Commerce,National Oceanic and Atmospheric Administration,TRUE,FALSE,TRUE,FALSE
ecofoci.noaa.gov,Department of Commerce,NOAA,,Department of Commerce,National Oceanic and Atmospheric Administration,TRUE,FALSE,TRUE,FALSE
ecowatch.noaa.gov,Department of Commerce,NOAA,,Department of Commerce,National Oceanic and Atmospheric Administration,TRUE,FALSE,TRUE,FALSE
eeo.oar.noaa.gov,Department of Commerce,NOAA,,Department of Commerce,National Oceanic and Atmospheric Administration,TRUE,FALSE,TRUE,FALSE
emc.ncep.noaa.gov,Department of Commerce,NOAA,,Department of Commerce,National Oceanic and Atmospheric Administration,TRUE,FALSE,TRUE,FALSE
encdirect.noaa.gov,Department of Commerce,NOAA,,Department of Commerce,National Oceanic and Atmospheric Administration,TRUE,FALSE,TRUE,FALSE
erma.noaa.gov,Department of Commerce,NOAA,,Department of Commerce,National Oceanic and Atmospheric Administration,TRUE,FALSE,TRUE,FALSE
esrl.noaa.gov,Department of Commerce,NOAA,,Department of Commerce,National Oceanic and Atmospheric Administration,TRUE,FALSE,TRUE,FALSE
exemptedhmspermits.fisheries.noaa.gov,Department of Commerce,NOAA,,Department of Commerce,National Oceanic and Atmospheric Administration,TRUE,FALSE,TRUE,FALSE
extranet.gfdl.noaa.gov,Department of Commerce,NOAA,,Department of Commerce,National Oceanic and Atmospheric Administration,TRUE,FALSE,TRUE,FALSE
farallones.noaa.gov,Department of Commerce,NOAA,,Department of Commerce,National Oceanic and Atmospheric Administration,TRUE,FALSE,TRUE,FALSE
ferret.pmel.noaa.gov,Department of Commerce,NOAA,,Department of Commerce,National Oceanic and Atmospheric Administration,TRUE,FALSE,TRUE,FALSE
fieldterminal.nesdis.noaa.gov,Department of Commerce,NOAA,,Department of Commerce,National Oceanic and Atmospheric Administration,TRUE,FALSE,TRUE,FALSE
fim.noaa.gov,Department of Commerce,NOAA,,Department of Commerce,National Oceanic and Atmospheric Administration,TRUE,FALSE,TRUE,FALSE
fisheries.noaa.gov,Department of Commerce,NOAA,,Department of Commerce,National Oceanic and Atmospheric Administration,TRUE,FALSE,TRUE,FALSE
fisheriespermits.noaa.gov,Department of Commerce,NOAA,,Department of Commerce,National Oceanic and Atmospheric Administration,TRUE,FALSE,TRUE,FALSE
floats.pmel.noaa.gov,Department of Commerce,NOAA,,Department of Commerce,National Oceanic and Atmospheric Administration,TRUE,FALSE,TRUE,FALSE
floridakeys.noaa.gov,Department of Commerce,NOAA,,Department of Commerce,National Oceanic and Atmospheric Administration,TRUE,FALSE,TRUE,FALSE
flowergarden.noaa.gov,Department of Commerce,NOAA,,Department of Commerce,National Oceanic and Atmospheric Administration,TRUE,FALSE,TRUE,FALSE
foss.nmfs.noaa.gov,Department of Commerce,NOAA,,Department of Commerce,National Oceanic and Atmospheric Administration,TRUE,FALSE,TRUE,FALSE
fosterscholars.noaa.gov,Department of Commerce,NOAA,,Department of Commerce,National Oceanic and Atmospheric Administration,TRUE,FALSE,TRUE,FALSE
geodesy.noaa.gov,Department of Commerce,NOAA,,Department of Commerce,National Oceanic and Atmospheric Administration,TRUE,FALSE,TRUE,FALSE
geonetcastamericas.noaa.gov,Department of Commerce,NOAA,,Department of Commerce,National Oceanic and Atmospheric Administration,TRUE,FALSE,TRUE,FALSE
gfdl.noaa.gov,Department of Commerce,NOAA,,Department of Commerce,National Oceanic and Atmospheric Administration,TRUE,FALSE,TRUE,FALSE
gis.charttools.noaa.gov,Department of Commerce,NOAA,,Department of Commerce,National Oceanic and Atmospheric Administration,TRUE,FALSE,TRUE,FALSE
gisc-washington.ncep.noaa.gov,Department of Commerce,NOAA,,Department of Commerce,National Oceanic and Atmospheric Administration,TRUE,FALSE,TRUE,FALSE
glerl.noaa.gov,Department of Commerce,NOAA,,Department of Commerce,National Oceanic and Atmospheric Administration,TRUE,FALSE,TRUE,FALSE
globalocean.noaa.gov,Department of Commerce,NOAA,,Department of Commerce,National Oceanic and Atmospheric Administration,TRUE,FALSE,TRUE,FALSE
gml.noaa.gov,Department of Commerce,NOAA,,Department of Commerce,National Oceanic and Atmospheric Administration,TRUE,FALSE,TRUE,FALSE
gnome.orr.noaa.gov,Department of Commerce,NOAA,,Department of Commerce,National Oceanic and Atmospheric Administration,TRUE,FALSE,TRUE,FALSE
goes.noaa.gov,Department of Commerce,NOAA,,Department of Commerce,National Oceanic and Atmospheric Administration,TRUE,FALSE,TRUE,FALSE
goes-r.gov,Department of Commerce,NOAA,,Department of Commerce,NASA GSFC,TRUE,FALSE,TRUE,FALSE
goes-r.noaa.gov,Department of Commerce,NOAA,,Department of Commerce,National Oceanic and Atmospheric Administration,TRUE,FALSE,TRUE,FALSE
graphical.mdl.nws.noaa.gov,Department of Commerce,NOAA,,Department of Commerce,National Oceanic and Atmospheric Administration,TRUE,FALSE,TRUE,FALSE
graphical.weather.gov,Department of Commerce,NOAA,,Department of Commerce,National Oceanic and Atmospheric Administration,TRUE,FALSE,TRUE,FALSE
graphing.cbex.noaa.gov,Department of Commerce,NOAA,,Department of Commerce,National Oceanic and Atmospheric Administration,TRUE,FALSE,TRUE,FALSE
graysreef.noaa.gov,Department of Commerce,NOAA,,Department of Commerce,National Oceanic and Atmospheric Administration,TRUE,FALSE,TRUE,FALSE
greatlakes-mdc.diver.orr.noaa.gov,Department of Commerce,NOAA,,Department of Commerce,National Oceanic and Atmospheric Administration,TRUE,FALSE,TRUE,FALSE
gsl.noaa.gov,Department of Commerce,NOAA,,Department of Commerce,National Oceanic and Atmospheric Administration,TRUE,FALSE,TRUE,FALSE
gulfatlas.noaa.gov,Department of Commerce,NOAA,,Department of Commerce,National Oceanic and Atmospheric Administration,TRUE,FALSE,TRUE,FALSE
gulfspillrestoration.noaa.gov,Department of Commerce,NOAA,,Department of Commerce,National Oceanic and Atmospheric Administration,TRUE,FALSE,TRUE,FALSE
habitatblueprint.noaa.gov,Department of Commerce,NOAA,,Department of Commerce,National Oceanic and Atmospheric Administration,TRUE,FALSE,TRUE,FALSE
habsos.noaa.gov,Department of Commerce,NOAA,,Department of Commerce,National Oceanic and Atmospheric Administration,TRUE,FALSE,TRUE,FALSE
hads.ncep.noaa.gov,Department of Commerce,NOAA,,Department of Commerce,National Oceanic and Atmospheric Administration,TRUE,FALSE,TRUE,FALSE
hawaiihumpbackwhale.noaa.gov,Department of Commerce,NOAA,,Department of Commerce,National Oceanic and Atmospheric Administration,TRUE,FALSE,TRUE,FALSE
hdsc.nws.noaa.gov,Department of Commerce,NOAA,,Department of Commerce,National Oceanic and Atmospheric Administration,TRUE,FALSE,TRUE,FALSE
heat.gov,Department of Commerce,NOAA,,Department of Commerce,NOAA Climate Program Office,TRUE,FALSE,TRUE,FALSE
hfradar.ndbc.noaa.gov,Department of Commerce,NOAA,,Department of Commerce,National Oceanic and Atmospheric Administration,TRUE,FALSE,TRUE,FALSE
historicalcharts.noaa.gov,Department of Commerce,NOAA,,Department of Commerce,National Oceanic and Atmospheric Administration,TRUE,FALSE,TRUE,FALSE
hmspermits.noaa.gov,Department of Commerce,NOAA,,Department of Commerce,National Oceanic and Atmospheric Administration,TRUE,FALSE,TRUE,FALSE
hmsworkshop.fisheries.noaa.gov,Department of Commerce,NOAA,,Department of Commerce,National Oceanic and Atmospheric Administration,TRUE,FALSE,TRUE,FALSE
hmt.noaa.gov,Department of Commerce,NOAA,,Department of Commerce,National Oceanic and Atmospheric Administration,TRUE,FALSE,TRUE,FALSE
hwt.nssl.noaa.gov,Department of Commerce,NOAA,,Department of Commerce,National Oceanic and Atmospheric Administration,TRUE,FALSE,TRUE,FALSE
icams-portal.gov,Department of Commerce,NOAA,,Department of Commerce,National Oceanic and Atmospheric Administration Office of the Federal Coordinator for Meteorology,TRUE,FALSE,TRUE,FALSE
icoads.noaa.gov,Department of Commerce,NOAA,,Department of Commerce,National Oceanic and Atmospheric Administration,TRUE,FALSE,TRUE,FALSE
imagesite.noaa.gov,Department of Commerce,NOAA,,Department of Commerce,National Oceanic and Atmospheric Administration,TRUE,FALSE,TRUE,FALSE
incidentnews.noaa.gov,Department of Commerce,NOAA,,Department of Commerce,National Oceanic and Atmospheric Administration,TRUE,FALSE,TRUE,FALSE
inport.nmfs.noaa.gov,Department of Commerce,NOAA,,Department of Commerce,National Oceanic and Atmospheric Administration,TRUE,FALSE,TRUE,FALSE
inside.nssl.noaa.gov,Department of Commerce,NOAA,,Department of Commerce,National Oceanic and Atmospheric Administration,TRUE,FALSE,TRUE,FALSE
integratedecosystemassessment.noaa.gov,Department of Commerce,NOAA,,Department of Commerce,National Oceanic and Atmospheric Administration,TRUE,FALSE,TRUE,FALSE
inws.ncep.noaa.gov,Department of Commerce,NOAA,,Department of Commerce,National Oceanic and Atmospheric Administration,TRUE,FALSE,TRUE,FALSE
iocm.noaa.gov,Department of Commerce,NOAA,,Department of Commerce,National Oceanic and Atmospheric Administration,TRUE,FALSE,TRUE,FALSE
ioos.noaa.gov,Department of Commerce,NOAA,,Department of Commerce,National Oceanic and Atmospheric Administration,TRUE,FALSE,TRUE,FALSE
joinnoaacorps.omao.noaa.gov,Department of Commerce,NOAA,,Department of Commerce,National Oceanic and Atmospheric Administration,TRUE,FALSE,TRUE,FALSE
library.bldrdoc.gov,Department of Commerce,NOAA,,Department of Commerce,National Institute of Standards and Technology,TRUE,FALSE,TRUE,FALSE
library.noaa.gov,Department of Commerce,NOAA,,Department of Commerce,National Oceanic and Atmospheric Administration,TRUE,FALSE,TRUE,FALSE
login.diver.orr.noaa.gov,Department of Commerce,NOAA,,Department of Commerce,National Oceanic and Atmospheric Administration,TRUE,FALSE,TRUE,FALSE
m.cameochemicals.noaa.gov,Department of Commerce,NOAA,,Department of Commerce,National Oceanic and Atmospheric Administration,TRUE,FALSE,TRUE,FALSE
madis.ncep.noaa.gov,Department of Commerce,NOAA,,Department of Commerce,National Oceanic and Atmospheric Administration,TRUE,FALSE,TRUE,FALSE
mag.ncep.noaa.gov,Department of Commerce,NOAA,,Department of Commerce,National Oceanic and Atmospheric Administration,TRUE,FALSE,TRUE,FALSE
mageval.ncep.noaa.gov,Department of Commerce,NOAA,,Department of Commerce,National Oceanic and Atmospheric Administration,TRUE,FALSE,TRUE,FALSE
manati.star.nesdis.noaa.gov,Department of Commerce,NOAA,,Department of Commerce,National Oceanic and Atmospheric Administration,TRUE,FALSE,TRUE,FALSE
maps.coast.noaa.gov,Department of Commerce,NOAA,,Department of Commerce,National Oceanic and Atmospheric Administration,TRUE,FALSE,TRUE,FALSE
maps.coastalscience.noaa.gov,Department of Commerce,NOAA,,Department of Commerce,National Oceanic and Atmospheric Administration,TRUE,FALSE,TRUE,FALSE
maps.water.noaa.gov,Department of Commerce,NOAA,,Department of Commerce,National Oceanic and Atmospheric Administration,TRUE,FALSE,TRUE,FALSE
marinecadastre.gov,Department of Commerce,NOAA,,Department of Commerce,NOAA Coastal Services Center,TRUE,FALSE,TRUE,FALSE
marinedebris.noaa.gov,Department of Commerce,NOAA,,Department of Commerce,National Oceanic and Atmospheric Administration,TRUE,FALSE,TRUE,FALSE
marinenavigation.noaa.gov,Department of Commerce,NOAA,,Department of Commerce,National Oceanic and Atmospheric Administration,TRUE,FALSE,TRUE,FALSE
marineprotectedareas.noaa.gov,Department of Commerce,NOAA,,Department of Commerce,National Oceanic and Atmospheric Administration,TRUE,FALSE,TRUE,FALSE
marinerhiring.noaa.gov,Department of Commerce,NOAA,,Department of Commerce,National Oceanic and Atmospheric Administration,TRUE,FALSE,TRUE,FALSE
maritimeboundaries.noaa.gov,Department of Commerce,NOAA,,Department of Commerce,National Oceanic and Atmospheric Administration,TRUE,FALSE,TRUE,FALSE
mdmap.orr.noaa.gov,Department of Commerce,NOAA,,Department of Commerce,National Oceanic and Atmospheric Administration,TRUE,FALSE,TRUE,FALSE
mmhsrp.nmfs.noaa.gov,Department of Commerce,NOAA,,Department of Commerce,National Oceanic and Atmospheric Administration,TRUE,FALSE,TRUE,FALSE
mobile.tidesandcurrents.noaa.gov,Department of Commerce,NOAA,,Department of Commerce,National Oceanic and Atmospheric Administration,TRUE,FALSE,TRUE,FALSE
monitor.noaa.gov,Department of Commerce,NOAA,,Department of Commerce,National Oceanic and Atmospheric Administration,TRUE,FALSE,TRUE,FALSE
montereybay.noaa.gov,Department of Commerce,NOAA,,Department of Commerce,National Oceanic and Atmospheric Administration,TRUE,FALSE,TRUE,FALSE
mping.nssl.noaa.gov,Department of Commerce,NOAA,,Department of Commerce,National Oceanic and Atmospheric Administration,TRUE,FALSE,TRUE,FALSE
mrms.nssl.noaa.gov,Department of Commerce,NOAA,,Department of Commerce,National Oceanic and Atmospheric Administration,TRUE,FALSE,TRUE,FALSE
nacc.arl.noaa.gov,Department of Commerce,NOAA,,Department of Commerce,National Oceanic and Atmospheric Administration,TRUE,FALSE,TRUE,FALSE
nauticalcharts.noaa.gov,Department of Commerce,NOAA,,Department of Commerce,National Oceanic and Atmospheric Administration,TRUE,FALSE,TRUE,FALSE
ncc.nesdis.noaa.gov,Department of Commerce,NOAA,,Department of Commerce,National Oceanic and Atmospheric Administration,TRUE,FALSE,TRUE,FALSE
ncei.noaa.gov,Department of Commerce,NOAA,,Department of Commerce,National Oceanic and Atmospheric Administration,TRUE,FALSE,TRUE,FALSE
nco.ncep.noaa.gov,Department of Commerce,NOAA,,Department of Commerce,National Oceanic and Atmospheric Administration,TRUE,FALSE,TRUE,FALSE
ncrmp.coralreef.noaa.gov,Department of Commerce,NOAA,,Department of Commerce,National Oceanic and Atmospheric Administration,TRUE,FALSE,TRUE,FALSE
nctr.pmel.noaa.gov,Department of Commerce,NOAA,,Department of Commerce,National Oceanic and Atmospheric Administration,TRUE,FALSE,TRUE,FALSE
ndbc.noaa.gov,Department of Commerce,NOAA,,Department of Commerce,National Oceanic and Atmospheric Administration,TRUE,FALSE,TRUE,FALSE
ndl.noaa.gov,Department of Commerce,NOAA,,Department of Commerce,National Oceanic and Atmospheric Administration,TRUE,FALSE,TRUE,FALSE
nesdis.noaa.gov,Department of Commerce,NOAA,,Department of Commerce,National Oceanic and Atmospheric Administration,TRUE,FALSE,TRUE,FALSE
ngs.noaa.gov,Department of Commerce,NOAA,,Department of Commerce,National Oceanic and Atmospheric Administration,TRUE,FALSE,TRUE,FALSE
nhc.noaa.gov,Department of Commerce,NOAA,,Department of Commerce,National Oceanic and Atmospheric Administration,TRUE,FALSE,TRUE,FALSE
niwc.noaa.inl.gov,Department of Commerce,NOAA,,Department of Energy,Idaho National Laboratory,FALSE,FALSE,TRUE,FALSE
noaa.gov,Department of Commerce,NOAA,,Department of Commerce,National Oceanic and Atmospheric Administration,TRUE,FALSE,TRUE,FALSE
noaa.inl.gov,Department of Commerce,NOAA,,Department of Energy,Idaho National Laboratory,FALSE,FALSE,TRUE,FALSE
noaasis.noaa.gov,Department of Commerce,NOAA,,Department of Commerce,National Oceanic and Atmospheric Administration,TRUE,FALSE,TRUE,FALSE
nohrsc.noaa.gov,Department of Commerce,NOAA,,Department of Commerce,National Oceanic and Atmospheric Administration,TRUE,FALSE,TRUE,FALSE
nomads.gfdl.noaa.gov,Department of Commerce,NOAA,,Department of Commerce,National Oceanic and Atmospheric Administration,TRUE,FALSE,TRUE,FALSE
nomads.ncep.noaa.gov,Department of Commerce,NOAA,,Department of Commerce,National Oceanic and Atmospheric Administration,TRUE,FALSE,TRUE,FALSE
nominate.noaa.gov,Department of Commerce,NOAA,,Department of Commerce,National Oceanic and Atmospheric Administration,TRUE,FALSE,TRUE,FALSE
nowcoast.noaa.gov,Department of Commerce,NOAA,,Department of Commerce,National Oceanic and Atmospheric Administration,TRUE,FALSE,TRUE,FALSE
npad.noaa.gov,Department of Commerce,NOAA,,Department of Commerce,National Oceanic and Atmospheric Administration,TRUE,FALSE,TRUE,FALSE
nsd.rdc.noaa.gov,Department of Commerce,NOAA,,Department of Commerce,National Oceanic and Atmospheric Administration,TRUE,FALSE,TRUE,FALSE
nsde.ngs.noaa.gov,Department of Commerce,NOAA,,Department of Commerce,National Oceanic and Atmospheric Administration,TRUE,FALSE,TRUE,FALSE
nssl.noaa.gov,Department of Commerce,NOAA,,Department of Commerce,National Oceanic and Atmospheric Administration,TRUE,FALSE,TRUE,FALSE
ntwc.arh.noaa.gov,Department of Commerce,NOAA,,Department of Commerce,National Oceanic and Atmospheric Administration,TRUE,FALSE,TRUE,FALSE
ntwc.ncep.noaa.gov,Department of Commerce,NOAA,,Department of Commerce,National Oceanic and Atmospheric Administration,TRUE,FALSE,TRUE,FALSE
nweb.ngs.noaa.gov,Department of Commerce,NOAA,,Department of Commerce,National Oceanic and Atmospheric Administration,TRUE,FALSE,TRUE,FALSE
nwrfc.noaa.gov/rfc,Department of Commerce,NOAA,,Department of Commerce,National Oceanic and Atmospheric Administration,TRUE,FALSE,TRUE,FALSE
nws.weather.gov,Department of Commerce,NOAA,,Department of Commerce,National Oceanic and Atmospheric Administration,TRUE,FALSE,TRUE,FALSE
ocean.weather.gov,Department of Commerce,NOAA,,Department of Commerce,National Oceanic and Atmospheric Administration,TRUE,FALSE,TRUE,FALSE
oceanacidification.noaa.gov,Department of Commerce,NOAA,,Department of Commerce,National Oceanic and Atmospheric Administration,TRUE,FALSE,TRUE,FALSE
oceanexplorer.noaa.gov,Department of Commerce,NOAA,,Department of Commerce,National Oceanic and Atmospheric Administration,TRUE,FALSE,TRUE,FALSE
oceannoise.noaa.gov,Department of Commerce,NOAA,,Department of Commerce,National Oceanic and Atmospheric Administration,TRUE,FALSE,TRUE,FALSE
oceanservice.noaa.gov,Department of Commerce,NOAA,,Department of Commerce,National Oceanic and Atmospheric Administration,TRUE,FALSE,TRUE,FALSE
oceantoday.noaa.gov,Department of Commerce,NOAA,,Department of Commerce,National Oceanic and Atmospheric Administration,TRUE,FALSE,TRUE,FALSE
oceanview.pfeg.noaa.gov,Department of Commerce,NOAA,,Department of Commerce,National Oceanic and Atmospheric Administration,TRUE,FALSE,TRUE,FALSE
oceanwatch.pifsc.noaa.gov,Department of Commerce,NOAA,,Department of Commerce,National Oceanic and Atmospheric Administration,TRUE,FALSE,TRUE,FALSE
oculus.atdd.noaa.gov,Department of Commerce,NOAA,,Department of Commerce,National Oceanic and Atmospheric Administration,TRUE,FALSE,TRUE,FALSE
oeab.noaa.gov,Department of Commerce,NOAA,,Department of Commerce,National Oceanic and Atmospheric Administration,TRUE,FALSE,TRUE,FALSE
oedwebdbapps.iso.noaa.gov,Department of Commerce,NOAA,,Department of Commerce,National Oceanic and Atmospheric Administration,TRUE,FALSE,TRUE,FALSE
olympiccoast.noaa.gov,Department of Commerce,NOAA,,Department of Commerce,National Oceanic and Atmospheric Administration,TRUE,FALSE,TRUE,FALSE
om.cmdl.noaa.gov,Department of Commerce,NOAA,,Department of Commerce,National Oceanic and Atmospheric Administration,TRUE,FALSE,TRUE,FALSE
omao.noaa.gov,Department of Commerce,NOAA,,Department of Commerce,National Oceanic and Atmospheric Administration,TRUE,FALSE,TRUE,FALSE
opendap.co-ops.nos.noaa.gov,Department of Commerce,NOAA,,Department of Commerce,National Oceanic and Atmospheric Administration,TRUE,FALSE,TRUE,FALSE
orta.research.noaa.gov,Department of Commerce,NOAA,,Department of Commerce,National Oceanic and Atmospheric Administration,TRUE,FALSE,TRUE,FALSE
osm.woc.noaa.gov,Department of Commerce,NOAA,,Department of Commerce,National Oceanic and Atmospheric Administration,TRUE,FALSE,TRUE,FALSE
osmc.noaa.gov,Department of Commerce,NOAA,,Department of Commerce,National Oceanic and Atmospheric Administration,TRUE,FALSE,TRUE,FALSE
ospo.noaa.gov,Department of Commerce,NOAA,,Department of Commerce,National Oceanic and Atmospheric Administration,TRUE,FALSE,TRUE,FALSE
oss.research.noaa.gov,Department of Commerce,NOAA,,Department of Commerce,National Oceanic and Atmospheric Administration,TRUE,FALSE,TRUE,FALSE
papahanaumokuakea.gov,Department of Commerce,NOAA,,Department of Commerce,National Oceanic and Atmospheric Administration,TRUE,FALSE,TRUE,FALSE
passiveacoustics.fisheries.noaa.gov,Department of Commerce,NOAA,,Department of Commerce,National Oceanic and Atmospheric Administration,TRUE,FALSE,TRUE,FALSE
phi.nssl.noaa.gov,Department of Commerce,NOAA,,Department of Commerce,National Oceanic and Atmospheric Administration,TRUE,FALSE,TRUE,FALSE
pidvms.irc.noaa.gov,Department of Commerce,NOAA,,Department of Commerce,National Oceanic and Atmospheric Administration,TRUE,FALSE,TRUE,FALSE
pier.seagrant.noaa.gov,Department of Commerce,NOAA,,Department of Commerce,National Oceanic and Atmospheric Administration,TRUE,FALSE,TRUE,FALSE
pmel.noaa.gov,Department of Commerce,NOAA,,Department of Commerce,National Oceanic and Atmospheric Administration,TRUE,FALSE,TRUE,FALSE
polar.ncep.noaa.gov,Department of Commerce,NOAA,,Department of Commerce,National Oceanic and Atmospheric Administration,TRUE,FALSE,TRUE,FALSE
polarwatch.noaa.gov,Department of Commerce,NOAA,,Department of Commerce,National Oceanic and Atmospheric Administration,TRUE,FALSE,TRUE,FALSE
portal.diver.orr.noaa.gov,Department of Commerce,NOAA,,Department of Commerce,National Oceanic and Atmospheric Administration,TRUE,FALSE,TRUE,FALSE
products.coastalscience.noaa.gov,Department of Commerce,NOAA,,Department of Commerce,National Oceanic and Atmospheric Administration,TRUE,FALSE,TRUE,FALSE
psl.noaa.gov,Department of Commerce,NOAA,,Department of Commerce,National Oceanic and Atmospheric Administration,TRUE,FALSE,TRUE,FALSE
pss.swpc.noaa.gov,Department of Commerce,NOAA,,Department of Commerce,National Oceanic and Atmospheric Administration,TRUE,FALSE,TRUE,FALSE
publications.gsl.noaa.gov,Department of Commerce,NOAA,,Department of Commerce,National Oceanic and Atmospheric Administration,TRUE,FALSE,TRUE,FALSE
qosap.research.noaa.gov,Department of Commerce,NOAA,,Department of Commerce,National Oceanic and Atmospheric Administration,TRUE,FALSE,TRUE,FALSE
ra4-gifs.weather.gov,Department of Commerce,NOAA,,Department of Commerce,National Oceanic and Atmospheric Administration,TRUE,FALSE,TRUE,FALSE
radar.weather.gov,Department of Commerce,NOAA,,Department of Commerce,National Oceanic and Atmospheric Administration,TRUE,FALSE,TRUE,FALSE
radar2pub.ncep.noaa.gov,Department of Commerce,NOAA,,Department of Commerce,National Oceanic and Atmospheric Administration,TRUE,FALSE,TRUE,FALSE
radar3pub.ncep.noaa.gov,Department of Commerce,NOAA,,Department of Commerce,National Oceanic and Atmospheric Administration,TRUE,FALSE,TRUE,FALSE
rapidrefresh.noaa.gov,Department of Commerce,NOAA,,Department of Commerce,National Oceanic and Atmospheric Administration,TRUE,FALSE,TRUE,FALSE
ready.noaa.gov,Department of Commerce,NOAA,,Department of Commerce,National Oceanic and Atmospheric Administration,TRUE,FALSE,TRUE,FALSE
repository.library.noaa.gov,Department of Commerce,NOAA,,Department of Commerce,National Oceanic and Atmospheric Administration,TRUE,FALSE,TRUE,FALSE
research.noaa.gov,Department of Commerce,NOAA,,Department of Commerce,National Oceanic and Atmospheric Administration,TRUE,FALSE,TRUE,FALSE
response.restoration.noaa.gov,Department of Commerce,NOAA,,Department of Commerce,National Oceanic and Atmospheric Administration,TRUE,FALSE,TRUE,FALSE
responselink.orr.noaa.gov,Department of Commerce,NOAA,,Department of Commerce,National Oceanic and Atmospheric Administration,TRUE,FALSE,TRUE,FALSE
restoreactscienceprogram.noaa.gov,Department of Commerce,NOAA,,Department of Commerce,National Oceanic and Atmospheric Administration,TRUE,FALSE,TRUE,FALSE
roc.noaa.gov,Department of Commerce,NOAA,,Department of Commerce,National Oceanic and Atmospheric Administration,TRUE,FALSE,TRUE,FALSE
sab.noaa.gov,Department of Commerce,NOAA,,Department of Commerce,National Oceanic and Atmospheric Administration,TRUE,FALSE,TRUE,FALSE
sanctuaries.noaa.gov,Department of Commerce,NOAA,,Department of Commerce,National Oceanic and Atmospheric Administration,TRUE,FALSE,TRUE,FALSE
sarsat.noaa.gov,Department of Commerce,NOAA,,Department of Commerce,National Oceanic and Atmospheric Administration,TRUE,FALSE,TRUE,FALSE
satable.ncep.noaa.gov,Department of Commerce,NOAA,,Department of Commerce,National Oceanic and Atmospheric Administration,TRUE,FALSE,TRUE,FALSE
satepsanone.nesdis.noaa.gov,Department of Commerce,NOAA,,Department of Commerce,National Oceanic and Atmospheric Administration,TRUE,FALSE,TRUE,FALSE
sciencecouncil.noaa.gov,Department of Commerce,NOAA,,Department of Commerce,National Oceanic and Atmospheric Administration,TRUE,FALSE,TRUE,FALSE
scsshore.noaa.gov,Department of Commerce,NOAA,,Department of Commerce,National Oceanic and Atmospheric Administration,TRUE,FALSE,TRUE,FALSE
sdr.gov,Department of Commerce,NOAA,,Department of Commerce,National Science and Technology Council,TRUE,FALSE,TRUE,FALSE
seafoodinspection.nmfs.noaa.gov,Department of Commerce,NOAA,,Department of Commerce,National Oceanic and Atmospheric Administration,TRUE,FALSE,TRUE,FALSE
seagrant.noaa.gov,Department of Commerce,NOAA,,Department of Commerce,National Oceanic and Atmospheric Administration,TRUE,FALSE,TRUE,FALSE
secatchshares.fisheries.noaa.gov,Department of Commerce,NOAA,,Department of Commerce,National Oceanic and Atmospheric Administration,TRUE,FALSE,TRUE,FALSE
shield.gfdl.noaa.gov,Department of Commerce,NOAA,,Department of Commerce,National Oceanic and Atmospheric Administration,TRUE,FALSE,TRUE,FALSE
shoreline.noaa.gov,Department of Commerce,NOAA,,Department of Commerce,National Oceanic and Atmospheric Administration,TRUE,FALSE,TRUE,FALSE
sift.pmel.noaa.gov,Department of Commerce,NOAA,,Department of Commerce,National Oceanic and Atmospheric Administration,TRUE,FALSE,TRUE,FALSE
sites.gsl.noaa.gov,Department of Commerce,NOAA,,Department of Commerce,National Oceanic and Atmospheric Administration,TRUE,FALSE,TRUE,FALSE
slosh.nws.noaa.gov,Department of Commerce,NOAA,,Department of Commerce,National Oceanic and Atmospheric Administration,TRUE,FALSE,TRUE,FALSE
sord.nv.doe.gov,Department of Commerce,NOAA,,Department of Energy,"US Department of Energy, Office of the CIO",FALSE,FALSE,TRUE,FALSE
sos.noaa.gov,Department of Commerce,NOAA,,Department of Commerce,National Oceanic and Atmospheric Administration,TRUE,FALSE,TRUE,FALSE
space.commerce.gov,Department of Commerce,NOAA,,Department of Commerce,Department of Commerce,TRUE,FALSE,TRUE,FALSE
spaceweather.gov,Department of Commerce,NOAA,,Department of Commerce,Space Environment Center W/NP9,TRUE,FALSE,TRUE,FALSE
spc.noaa.gov,Department of Commerce,NOAA,,Department of Commerce,National Oceanic and Atmospheric Administration,TRUE,FALSE,TRUE,FALSE
spo.nmfs.noaa.gov,Department of Commerce,NOAA,,Department of Commerce,National Oceanic and Atmospheric Administration,TRUE,FALSE,TRUE,FALSE
spot.weather.gov,Department of Commerce,NOAA,,Department of Commerce,National Oceanic and Atmospheric Administration,TRUE,FALSE,TRUE,FALSE
ssd.noaa.gov,Department of Commerce,NOAA,,Department of Commerce,National Oceanic and Atmospheric Administration,TRUE,FALSE,TRUE,FALSE
star.nesdis.noaa.gov,Department of Commerce,NOAA,,Department of Commerce,National Oceanic and Atmospheric Administration,TRUE,FALSE,TRUE,FALSE
stateoftheocean.osmc.noaa.gov,Department of Commerce,NOAA,,Department of Commerce,National Oceanic and Atmospheric Administration,TRUE,FALSE,TRUE,FALSE
stellwagen.noaa.gov,Department of Commerce,NOAA,,Department of Commerce,National Oceanic and Atmospheric Administration,TRUE,FALSE,TRUE,FALSE
storm.aoml.noaa.gov,Department of Commerce,NOAA,,Department of Commerce,National Oceanic and Atmospheric Administration,TRUE,FALSE,TRUE,FALSE
storms.ngs.noaa.gov,Department of Commerce,NOAA,,Department of Commerce,National Oceanic and Atmospheric Administration,TRUE,FALSE,TRUE,FALSE
stormscdn.ngs.noaa.gov,Department of Commerce,NOAA,,Department of Commerce,National Oceanic and Atmospheric Administration,TRUE,FALSE,TRUE,FALSE
swfsc-publications.fisheries.noaa.gov,Department of Commerce,NOAA,,Department of Commerce,National Oceanic and Atmospheric Administration,TRUE,FALSE,TRUE,FALSE
sworm.gov,Department of Commerce,NOAA,,Department of Commerce,NOAA/Space Weather Prediction Center,TRUE,FALSE,TRUE,FALSE
swpc.noaa.gov,Department of Commerce,NOAA,,Department of Commerce,National Oceanic and Atmospheric Administration,TRUE,FALSE,TRUE,FALSE
tao.ndbc.noaa.gov,Department of Commerce,NOAA,,Department of Commerce,National Oceanic and Atmospheric Administration,TRUE,FALSE,TRUE,FALSE
tap.orr.noaa.gov,Department of Commerce,NOAA,,Department of Commerce,National Oceanic and Atmospheric Administration,TRUE,FALSE,TRUE,FALSE
techpartnerships.noaa.gov,Department of Commerce,NOAA,,Department of Commerce,National Oceanic and Atmospheric Administration,TRUE,FALSE,TRUE,FALSE
testbed.aviationweather.gov,Department of Commerce,NOAA,,Department of Commerce,National Weather Service,TRUE,FALSE,TRUE,FALSE
testbeds.noaa.gov,Department of Commerce,NOAA,,Department of Commerce,National Oceanic and Atmospheric Administration,TRUE,FALSE,TRUE,FALSE
thunderbay.noaa.gov,Department of Commerce,NOAA,,Department of Commerce,National Oceanic and Atmospheric Administration,TRUE,FALSE,TRUE,FALSE
tidesandcurrents.noaa.gov,Department of Commerce,NOAA,,Department of Commerce,National Oceanic and Atmospheric Administration,TRUE,FALSE,TRUE,FALSE
token.gfdl.noaa.gov,Department of Commerce,NOAA,,Department of Commerce,National Oceanic and Atmospheric Administration,TRUE,FALSE,TRUE,FALSE
toolkit.climate.gov,Department of Commerce,NOAA,,Department of Commerce,NWS/OPS33,TRUE,FALSE,TRUE,FALSE
training.weather.gov,Department of Commerce,NOAA,,Department of Commerce,National Oceanic and Atmospheric Administration,TRUE,FALSE,TRUE,FALSE
tsunami.coast.noaa.gov,Department of Commerce,NOAA,,Department of Commerce,National Oceanic and Atmospheric Administration,TRUE,FALSE,TRUE,FALSE
tsunami.gov,Department of Commerce,NOAA,,Department of Commerce,West Coast & Alaska Tsunami Warning Center,TRUE,FALSE,TRUE,FALSE
tsunami.noaa.gov,Department of Commerce,NOAA,,Department of Commerce,National Oceanic and Atmospheric Administration,TRUE,FALSE,TRUE,FALSE
tsunami-cp.ncep.noaa.gov,Department of Commerce,NOAA,,Department of Commerce,National Oceanic and Atmospheric Administration,TRUE,FALSE,TRUE,FALSE
usicecenter.gov,Department of Commerce,NOAA,,Department of Commerce,U. S. National Ice Center,TRUE,FALSE,TRUE,FALSE
vdatum.noaa.gov,Department of Commerce,NOAA,,Department of Commerce,National Oceanic and Atmospheric Administration,TRUE,FALSE,TRUE,FALSE
videos.fisheries.noaa.gov,Department of Commerce,NOAA,,Department of Commerce,National Oceanic and Atmospheric Administration,TRUE,FALSE,TRUE,FALSE
viewer.weather.noaa.gov,Department of Commerce,NOAA,,Department of Commerce,National Oceanic and Atmospheric Administration,TRUE,FALSE,TRUE,FALSE
viz.pmel.noaa.gov,Department of Commerce,NOAA,,Department of Commerce,National Oceanic and Atmospheric Administration,TRUE,FALSE,TRUE,FALSE
vlab.noaa.gov,Department of Commerce,NOAA,,Department of Commerce,National Oceanic and Atmospheric Administration,TRUE,FALSE,TRUE,FALSE
vms.nmfs.noaa.gov,Department of Commerce,NOAA,,Department of Commerce,National Oceanic and Atmospheric Administration,TRUE,FALSE,TRUE,FALSE
voices.nmfs.noaa.gov,Department of Commerce,NOAA,,Department of Commerce,National Oceanic and Atmospheric Administration,TRUE,FALSE,TRUE,FALSE
vos.noaa.gov,Department of Commerce,NOAA,,Department of Commerce,National Oceanic and Atmospheric Administration,TRUE,FALSE,TRUE,FALSE
water.noaa.gov,Department of Commerce,NOAA,,Department of Commerce,National Oceanic and Atmospheric Administration,TRUE,FALSE,TRUE,FALSE
weather.gov,Department of Commerce,NOAA,,Department of Commerce,National Oceanic and Atmospheric Administration,TRUE,FALSE,TRUE,FALSE
webapps.nwfsc.noaa.gov,Department of Commerce,NOAA,,Department of Commerce,National Oceanic and Atmospheric Administration,TRUE,FALSE,TRUE,FALSE
webeast.ngs.noaa.gov,Department of Commerce,NOAA,,Department of Commerce,National Oceanic and Atmospheric Administration,TRUE,FALSE,TRUE,FALSE
webform.pier.seagrant.noaa.gov,Department of Commerce,NOAA,,Department of Commerce,National Oceanic and Atmospheric Administration,TRUE,FALSE,TRUE,FALSE
wof.nssl.noaa.gov,Department of Commerce,NOAA,,Department of Commerce,National Oceanic and Atmospheric Administration,TRUE,FALSE,TRUE,FALSE
wpc.ncep.noaa.gov,Department of Commerce,NOAA,,Department of Commerce,National Oceanic and Atmospheric Administration,TRUE,FALSE,TRUE,FALSE
wpo.noaa.gov,Department of Commerce,NOAA,,Department of Commerce,National Oceanic and Atmospheric Administration,TRUE,FALSE,TRUE,FALSE
broadbandusa.ntia.gov,Department of Commerce,NTIA,,Department of Commerce,National Telecommunications and Information Administration,TRUE,FALSE,TRUE,FALSE
cscrip.ntia.gov,Department of Commerce,NTIA,,Department of Commerce,National Telecommunications and Information Administration,TRUE,FALSE,TRUE,FALSE
grants.ntia.gov,Department of Commerce,NTIA,,Department of Commerce,National Telecommunications and Information Administration,TRUE,FALSE,TRUE,FALSE
its.ntia.gov,Department of Commerce,NTIA,,Department of Commerce,National Telecommunications and Information Administration,TRUE,FALSE,TRUE,FALSE
ntia.gov,Department of Commerce,NTIA,,Department of Commerce,National Telecommunications and Information Administration,TRUE,FALSE,TRUE,FALSE
www2.ntia.gov,Department of Commerce,NTIA,,Department of Commerce,National Telecommunications and Information Administration,TRUE,FALSE,TRUE,FALSE
dblease.ntis.gov,Department of Commerce,NTIS,,Department of Commerce,National Technical Information Service,TRUE,FALSE,TRUE,FALSE
dmf.ntis.gov,Department of Commerce,NTIS,,Department of Commerce,National Technical Information Service,TRUE,FALSE,TRUE,FALSE
dmfcert.ntis.gov,Department of Commerce,NTIS,,Department of Commerce,National Technical Information Service,TRUE,FALSE,TRUE,FALSE
ladmf.ntis.gov,Department of Commerce,NTIS,,Department of Commerce,National Technical Information Service,TRUE,FALSE,TRUE,FALSE
ntis.gov,Department of Commerce,NTIS,,Department of Commerce,National Technical Information Service,TRUE,FALSE,TRUE,FALSE
ntrl.ntis.gov,Department of Commerce,NTIS,,Department of Commerce,National Technical Information Service,TRUE,FALSE,TRUE,FALSE
ptoft.ntis.gov,Department of Commerce,NTIS,,Department of Commerce,National Technical Information Service,TRUE,FALSE,TRUE,FALSE
srs.ntis.gov,Department of Commerce,NTIS,,Department of Commerce,National Technical Information Service,TRUE,FALSE,TRUE,FALSE
2001-2009.commerce.gov,Department of Commerce,OS,,Department of Commerce,Department of Commerce,TRUE,FALSE,TRUE,FALSE
2010-2014.commerce.gov,Department of Commerce,OS,,Department of Commerce,Department of Commerce,TRUE,FALSE,TRUE,FALSE
2014-2017.commerce.gov,Department of Commerce,OS,,Department of Commerce,Department of Commerce,TRUE,FALSE,TRUE,FALSE
2017-2021.commerce.gov,Department of Commerce,OS,,Department of Commerce,Department of Commerce,TRUE,FALSE,TRUE,FALSE
cldp.doc.gov,Department of Commerce,OS,,Department of Commerce,Office of the Chief Information Officer,TRUE,FALSE,TRUE,FALSE
commerce.gov,Department of Commerce,OS,,Department of Commerce,Department of Commerce,TRUE,FALSE,TRUE,FALSE
data.commerce.gov,Department of Commerce,OS,,Department of Commerce,Department of Commerce,TRUE,FALSE,TRUE,FALSE
mbda.data.commerce.gov,Department of Commerce,OS,,Department of Commerce,Department of Commerce,TRUE,FALSE,TRUE,FALSE
oig.doc.gov,Department of Commerce,OS,,Department of Commerce,Office of the Chief Information Officer,TRUE,FALSE,TRUE,FALSE
socmed.commerce.gov,Department of Commerce,OS,,Department of Commerce,Department of Commerce,TRUE,FALSE,TRUE,FALSE
assignment.uspto.gov,Department of Commerce,USPTO,,Department of Commerce,USPTO,TRUE,TRUE,TRUE,TRUE
certifiedcopycenter.uspto.gov,Department of Commerce,USPTO,,Department of Commerce,USPTO,TRUE,TRUE,TRUE,TRUE
developer.uspto.gov,Department of Commerce,USPTO,,Department of Commerce,USPTO,TRUE,TRUE,TRUE,TRUE
eog-tmng.uspto.gov,Department of Commerce,USPTO,,Department of Commerce,USPTO,TRUE,TRUE,TRUE,TRUE
estta.uspto.gov,Department of Commerce,USPTO,,Department of Commerce,USPTO,TRUE,TRUE,TRUE,TRUE
fees.uspto.gov,Department of Commerce,USPTO,,Department of Commerce,USPTO,TRUE,TRUE,TRUE,TRUE
globaldossier.uspto.gov,Department of Commerce,USPTO,,Department of Commerce,USPTO,TRUE,TRUE,TRUE,TRUE
idm-tmng.uspto.gov,Department of Commerce,USPTO,,Department of Commerce,USPTO,TRUE,TRUE,TRUE,TRUE
ipidentifier.uspto.gov,Department of Commerce,USPTO,,Department of Commerce,USPTO,TRUE,TRUE,TRUE,TRUE
mpep.uspto.gov,Department of Commerce,USPTO,,Department of Commerce,USPTO,TRUE,TRUE,TRUE,TRUE
my.uspto.gov,Department of Commerce,USPTO,,Department of Commerce,USPTO,TRUE,TRUE,TRUE,TRUE
oedci.uspto.gov,Department of Commerce,USPTO,,Department of Commerce,USPTO,TRUE,TRUE,TRUE,TRUE
patentcenter.uspto.gov,Department of Commerce,USPTO,,Department of Commerce,USPTO,TRUE,TRUE,TRUE,TRUE
ppubs.uspto.gov,Department of Commerce,USPTO,,Department of Commerce,USPTO,TRUE,TRUE,TRUE,TRUE
seqdata.uspto.gov,Department of Commerce,USPTO,,Department of Commerce,USPTO,TRUE,TRUE,TRUE,TRUE
tbmp.uspto.gov,Department of Commerce,USPTO,,Department of Commerce,USPTO,TRUE,TRUE,TRUE,TRUE
tfsr.uspto.gov,Department of Commerce,USPTO,,Department of Commerce,USPTO,TRUE,TRUE,TRUE,TRUE
tmdesigncodes.uspto.gov,Department of Commerce,USPTO,,Department of Commerce,USPTO,TRUE,TRUE,TRUE,TRUE
tmep.uspto.gov,Department of Commerce,USPTO,,Department of Commerce,USPTO,TRUE,TRUE,TRUE,TRUE
tmsearch.uspto.gov,Department of Commerce,USPTO,,Department of Commerce,USPTO,TRUE,TRUE,TRUE,TRUE
trademarkcenter.uspto.gov,Department of Commerce,USPTO,,Department of Commerce,USPTO,TRUE,TRUE,TRUE,TRUE
tsdr.uspto.gov,Department of Commerce,USPTO,,Department of Commerce,USPTO,TRUE,TRUE,TRUE,TRUE
ttabvue.uspto.gov,Department of Commerce,USPTO,,Department of Commerce,USPTO,TRUE,TRUE,TRUE,TRUE
uspto.gov,Department of Commerce,USPTO,,Department of Commerce,USPTO,TRUE,TRUE,TRUE,TRUE
www-search.uspto.gov,Department of Commerce,USPTO,,Department of Commerce,USPTO,TRUE,TRUE,TRUE,TRUE
DHS.gov,Department of Homeland Security,Headquarters (DHS HQ),Office of Public Affairs,Department of Homeland Security,Headquarters,TRUE,FALSE,TRUE,FALSE
CISA.gov,Department of Homeland Security,Cybersecurity and Infrastructure Security Agency (CISA),Office of External Affairs,Department of Homeland Security,Cybersecurity and Infrastructure Security Agency,TRUE,FALSE,TRUE,FALSE
FEMA.gov,Department of Homeland Security,Federal Emergency Management Agency (FEMA),Office of External Affairs,Department of Homeland Security,Federal Emergency Management Agency,TRUE,FALSE,TRUE,FALSE
FLETC.gov,Department of Homeland Security,Federal Law Enforcement Training Center (FLETC),Office of Public Affairs,Department of Homeland Security,Federal Law Enforcement Training Center,TRUE,FALSE,TRUE,FALSE
TSA.gov,Department of Homeland Security,Transportation Security Administration (TSA),Strategic Communications and Public Affairs,Department of Homeland Security,Transportation Security Administration,TRUE,FALSE,TRUE,FALSE
USCIS.gov,Department of Homeland Security,U.S. Citizenship and Immigration Services (USCIS),Office of Access and Information Services,Department of Homeland Security,USCIS,TRUE,FALSE,TRUE,FALSE
USCG.mil,Department of Homeland Security,U.S. Coast Guard (USCG),Office of Public Affairs,#N/A,#N/A,#N/A,#N/A,TRUE,FALSE
CBP.gov,Department of Homeland Security,U.S. Customs and Border Protection (CBP),Office of Public Affairs,Department of Homeland Security,U.S. Customs and Border Protection,TRUE,FALSE,TRUE,FALSE
ICE.gov,Department of Homeland Security,U.S. Immigration and Customs Enforcement (ICE),Office of Public Affairs,Department of Homeland Security,U.S. Immigration and Customs Enforcement,TRUE,FALSE,TRUE,FALSE
SecretService.gov,Department of Homeland Security,United States Secret Service (USSS),Communication and Media Relations,Department of Homeland Security,United States Secret Service,TRUE,FALSE,TRUE,FALSE
Get.gov,Department of Homeland Security,Cybersecurity and Infrastructure Security Agency (CISA),,Department of Homeland Security,Cybersecurity and Infrastructure Security Agency,TRUE,FALSE,TRUE,FALSE
niccs.CISA.gov,Department of Homeland Security,Cybersecurity and Infrastructure Security Agency (CISA),,Department of Homeland Security,Cybersecurity and Infrastructure Security Agency,TRUE,FALSE,TRUE,FALSE
SchoolSafety.gov,Department of Homeland Security,Cybersecurity and Infrastructure Security Agency (CISA),,Department of Homeland Security,Cybersecurity and Infrastructure Security Agency,TRUE,FALSE,TRUE,FALSE
apps.USFA.FEMA.gov,Department of Homeland Security,Federal Emergency Management Agency (FEMA),U.S. Fire Administration,Department of Homeland Security,Federal Emergency Management Agency,TRUE,FALSE,TRUE,FALSE
DisasterAssistance.gov,Department of Homeland Security,Federal Emergency Management Agency (FEMA),,Department of Homeland Security,Federal Emergency Management Agency,TRUE,FALSE,TRUE,FALSE
FloodSmart.gov,Department of Homeland Security,Federal Emergency Management Agency (FEMA),National Flood Insurance Program,Department of Homeland Security,Federal Emergency Management Agency,TRUE,FALSE,TRUE,FALSE
hazards.FEMA.gov,Department of Homeland Security,Federal Emergency Management Agency (FEMA),,Department of Homeland Security,Federal Emergency Management Agency,TRUE,FALSE,TRUE,FALSE
msc.FEMA.gov,Department of Homeland Security,Federal Emergency Management Agency (FEMA),,Department of Homeland Security,Federal Emergency Management Agency,TRUE,FALSE,TRUE,FALSE
Ready.gov,Department of Homeland Security,Federal Emergency Management Agency (FEMA),Office of External Affairs,Department of Homeland Security,Office of Public Affairs,TRUE,FALSE,TRUE,FALSE
training.FEMA.gov,Department of Homeland Security,Federal Emergency Management Agency (FEMA),,Department of Homeland Security,Federal Emergency Management Agency,TRUE,FALSE,TRUE,FALSE
USFA.FEMA.gov,Department of Homeland Security,Federal Emergency Management Agency (FEMA),U.S. Fire Administration,Department of Homeland Security,Federal Emergency Management Agency,TRUE,FALSE,TRUE,FALSE
FLETA.gov,Department of Homeland Security,Federal Law Enforcement Training Accreditation (FLETA),Office of Public Affairs,Department of Homeland Security,Federal Law Enforcement Training Center,TRUE,FALSE,TRUE,FALSE
OHSS.DHS.gov,Department of Homeland Security,Headquarters (DHS HQ),Office of Homeland Security Statistics,Department of Homeland Security,Headquarters,TRUE,FALSE,TRUE,FALSE
OIG.DHS.gov,Department of Homeland Security,Office of Inspector General (OIG),Office of Public Affairs,Department of Homeland Security,Headquarters,TRUE,FALSE,TRUE,FALSE
tsaenrollmentbyidemia.TSA.DHS.gov,Department of Homeland Security,Transportation Security Administration (TSA),,Department of Homeland Security,Headquarters,TRUE,FALSE,TRUE,FALSE
eGov.USCIS.gov,Department of Homeland Security,U.S. Citizenship and Immigration Services (USCIS),Office of Access and Information Services,Department of Homeland Security,USCIS,TRUE,FALSE,TRUE,FALSE
E-Verify.gov,Department of Homeland Security,U.S. Citizenship and Immigration Services (USCIS),Immigration Records and Identity Services,Department of Homeland Security,USCIS,TRUE,FALSE,TRUE,FALSE
my.USCIS.gov,Department of Homeland Security,U.S. Citizenship and Immigration Services (USCIS),Office of Access and Information Services,Department of Homeland Security,USCIS,TRUE,FALSE,TRUE,FALSE
myEVerify.USCIS.gov,Department of Homeland Security,U.S. Citizenship and Immigration Services (USCIS),Immigration Records and Identity Services,Department of Homeland Security,USCIS,TRUE,FALSE,TRUE,FALSE
BWT.CBP.gov,Department of Homeland Security,U.S. Customs and Border Protection (CBP),Office of Field Operations,Department of Homeland Security,U.S. Customs and Border Protection,TRUE,FALSE,TRUE,FALSE
careers.cbp.gov,Department of Homeland Security,U.S. Customs and Border Protection (CBP),Office of Human Resources Management,Department of Homeland Security,U.S. Customs and Border Protection,TRUE,FALSE,TRUE,FALSE
DTOPS.CBP.DHS.gov,Department of Homeland Security,U.S. Customs and Border Protection (CBP),Office of Field Operations,Department of Homeland Security,Headquarters,TRUE,FALSE,TRUE,FALSE
ESTA.CBP.DHS.gov,Department of Homeland Security,U.S. Customs and Border Protection (CBP),Office of Field Operations,Department of Homeland Security,Headquarters,TRUE,FALSE,TRUE,FALSE
EVUS.gov,Department of Homeland Security,U.S. Customs and Border Protection (CBP),Office of Field Operations,Department of Homeland Security,U.S. Customs and Border Protection,TRUE,FALSE,TRUE,FALSE
help.CBP.gov,Department of Homeland Security,U.S. Customs and Border Protection (CBP),Office of Public Affairs,Department of Homeland Security,U.S. Customs and Border Protection,TRUE,FALSE,TRUE,FALSE
i94.CBP.DHS.gov,Department of Homeland Security,U.S. Customs and Border Protection (CBP),Office of Field Operations,Department of Homeland Security,Headquarters,TRUE,FALSE,TRUE,FALSE
rulings.CBP.gov,Department of Homeland Security,U.S. Customs and Border Protection (CBP),Office of Field Operations,Department of Homeland Security,U.S. Customs and Border Protection,TRUE,FALSE,TRUE,FALSE
TTP.DHS.gov,Department of Homeland Security,U.S. Customs and Border Protection (CBP),Office of International Affairs,Department of Homeland Security,Headquarters,TRUE,FALSE,TRUE,FALSE
portal.ICE.gov,Department of Homeland Security,U.S. Immigration and Customs Enforcement (ICE),,Department of Homeland Security,U.S. Immigration and Customs Enforcement,TRUE,FALSE,TRUE,FALSE
StudyintheStates.DHS.gov,Department of Homeland Security,U.S. Immigration and Customs Enforcement (ICE),,Department of Homeland Security,Headquarters,TRUE,FALSE,TRUE,FALSE
TRIPWire.DHS.gov,Department of Homeland Security,Cybersecurity and Infrastructure Security Agency (CISA),,Department of Homeland Security,Headquarters,TRUE,FALSE,TRUE,FALSE
ZeroTrust.Cyber.gov,Department of Homeland Security,Cybersecurity and Infrastructure Security Agency (CISA),,Department of Homeland Security,Cybersecurity and Infrastructure Security Agency,TRUE,FALSE,TRUE,FALSE
agents.FloodSmart.gov,Department of Homeland Security,Federal Emergency Management Agency (FEMA),National Flood Insurance Program,Department of Homeland Security,Federal Emergency Management Agency,TRUE,FALSE,TRUE,FALSE
CDP.DHS.gov,Department of Homeland Security,Federal Emergency Management Agency (FEMA),,Department of Homeland Security,Headquarters,TRUE,FALSE,TRUE,FALSE
FirstResponderTraining.gov,Department of Homeland Security,Federal Emergency Management Agency (FEMA),,Department of Homeland Security,Office for Domestic Preparedness,TRUE,FALSE,TRUE,FALSE
FloodMaps.FEMA.gov,Department of Homeland Security,Federal Emergency Management Agency (FEMA),National Flood Insurance Program,Department of Homeland Security,Federal Emergency Management Agency,TRUE,FALSE,TRUE,FALSE
GO.FEMA.gov,Department of Homeland Security,Federal Emergency Management Agency (FEMA),,Department of Homeland Security,Federal Emergency Management Agency,TRUE,FALSE,TRUE,FALSE
NFIPDirect.FEMA.gov,Department of Homeland Security,Federal Emergency Management Agency (FEMA),National Flood Insurance Program,Department of Homeland Security,Federal Emergency Management Agency,TRUE,FALSE,TRUE,FALSE
PrepToolkit.FEMA.gov,Department of Homeland Security,Federal Emergency Management Agency (FEMA),,Department of Homeland Security,Federal Emergency Management Agency,TRUE,FALSE,TRUE,FALSE
APFS-Cloud.DHS.gov,Department of Homeland Security,Headquarters (DHS HQ),Office of the Chief Procurement Officer,Department of Homeland Security,Headquarters,TRUE,FALSE,TRUE,FALSE
go.DHS.gov,Department of Homeland Security,Headquarters (DHS HQ),Office of Public Affairs,Department of Homeland Security,Headquarters,TRUE,FALSE,TRUE,FALSE
Juntos.gov,Department of Homeland Security,Headquarters (DHS HQ),Office of the Chief Informaton Officer,Department of Homeland Security,Headquarters,TRUE,FALSE,TRUE,FALSE
myOIDO.DHS.gov,Department of Homeland Security,Headquarters (DHS HQ),Office of the Immigration Detention Ombudsman,Department of Homeland Security,Headquarters,TRUE,FALSE,TRUE,FALSE
NIEM.gov,Department of Homeland Security,Headquarters (DHS HQ),Science and Technology Directorate,Department of Homeland Security,"Department of Homeland Security, Office of the Chief Information Officer",TRUE,FALSE,TRUE,FALSE
release.NIEM.gov,Department of Homeland Security,Headquarters (DHS HQ),Science and Technology Directorate,Department of Homeland Security,"Department of Homeland Security, Office of the Chief Information Officer",TRUE,FALSE,TRUE,FALSE
Together.gov,Department of Homeland Security,Headquarters (DHS HQ),Office of the Chief Informaton Officer,Department of Homeland Security,Headquarters,TRUE,FALSE,TRUE,FALSE
tools.NIEM.gov,Department of Homeland Security,Headquarters (DHS HQ),Science and Technology Directorate,Department of Homeland Security,"Department of Homeland Security, Office of the Chief Information Officer",TRUE,FALSE,TRUE,FALSE
Hotline.OIG.DHS.gov,Department of Homeland Security,Office of Inspector General (OIG),Office of Public Affairs,Department of Homeland Security,Headquarters,TRUE,FALSE,TRUE,FALSE
SAFETYAct.gov,Department of Homeland Security,Science and Technology (S&T),Office of Innovation and Collaboration,Department of Homeland Security,Science and Technology,TRUE,FALSE,TRUE,FALSE
EXIS.TSA.DHS.gov,Department of Homeland Security,Transportation Security Administration (TSA),,Department of Homeland Security,Headquarters,TRUE,FALSE,TRUE,FALSE
TRIP.DHS.gov,Department of Homeland Security,Transportation Security Administration (TSA),,Department of Homeland Security,Headquarters,TRUE,FALSE,TRUE,FALSE
immvets.DHS.gov,Department of Homeland Security,U.S. Citizenship and Immigration Services (USCIS),Office of Access and Information Services,Department of Homeland Security,Headquarters,TRUE,FALSE,TRUE,FALSE
SAVE.USCIS.gov,Department of Homeland Security,U.S. Citizenship and Immigration Services (USCIS),Immigration Records and Identity Services,Department of Homeland Security,USCIS,TRUE,FALSE,TRUE,FALSE
developer.NVMC.USCG.gov,Department of Homeland Security,U.S. Coast Guard (USCG),,Department of Homeland Security,U. S. Coast Guard C5I Service Center,TRUE,FALSE,TRUE,FALSE
dhssans.NVMC.USCG.gov,Department of Homeland Security,U.S. Coast Guard (USCG),,Department of Homeland Security,U. S. Coast Guard C5I Service Center,TRUE,FALSE,TRUE,FALSE
enoad.NVMC.USCG.gov,Department of Homeland Security,U.S. Coast Guard (USCG),,Department of Homeland Security,U. S. Coast Guard C5I Service Center,TRUE,FALSE,TRUE,FALSE
NavCen.USCG.gov,Department of Homeland Security,U.S. Coast Guard (USCG),,Department of Homeland Security,U. S. Coast Guard C5I Service Center,TRUE,FALSE,TRUE,FALSE
awt.CBP.gov,Department of Homeland Security,U.S. Customs and Border Protection (CBP),Office of Field Operations,Department of Homeland Security,U.S. Customs and Border Protection,TRUE,FALSE,TRUE,FALSE
e.CBP.DHS.gov,Department of Homeland Security,U.S. Customs and Border Protection (CBP),Office of Finance,Department of Homeland Security,Headquarters,TRUE,FALSE,TRUE,FALSE
eAllegations.CBP.gov,Department of Homeland Security,U.S. Customs and Border Protection (CBP),Office of Professional Responsibility,Department of Homeland Security,U.S. Customs and Border Protection,TRUE,FALSE,TRUE,FALSE
eRulings.CBP.gov,Department of Homeland Security,U.S. Customs and Border Protection (CBP),Office of Field Operations,Department of Homeland Security,U.S. Customs and Border Protection,TRUE,FALSE,TRUE,FALSE
e-safe.CBP.DHS.gov,Department of Homeland Security,U.S. Customs and Border Protection (CBP),Office of Field Operations,Department of Homeland Security,Headquarters,TRUE,FALSE,TRUE,FALSE
FinCEN105.CBP.DHS.gov,Department of Homeland Security,U.S. Customs and Border Protection (CBP),Office of Field Operations,Department of Homeland Security,Headquarters,TRUE,FALSE,TRUE,FALSE
IPRR.CBP.gov,Department of Homeland Security,U.S. Customs and Border Protection (CBP),Office of Trade,Department of Homeland Security,U.S. Customs and Border Protection,TRUE,FALSE,TRUE,FALSE
IPRS.CBP.gov,Department of Homeland Security,U.S. Customs and Border Protection (CBP),Office of Trade,Department of Homeland Security,U.S. Customs and Border Protection,TRUE,FALSE,TRUE,FALSE
rsp.CBP.gov,Department of Homeland Security,U.S. Customs and Border Protection (CBP),Office of Field Operations,Department of Homeland Security,U.S. Customs and Border Protection,TRUE,FALSE,TRUE,FALSE
eServiceRegistration.ICE.gov,Department of Homeland Security,U.S. Immigration and Customs Enforcement (ICE),,Department of Homeland Security,U.S. Immigration and Customs Enforcement,TRUE,FALSE,TRUE,FALSE
join.ICE.gov,Department of Homeland Security,U.S. Immigration and Customs Enforcement (ICE),,Department of Homeland Security,U.S. Immigration and Customs Enforcement,TRUE,FALSE,TRUE,FALSE
locator.ICE.gov,Department of Homeland Security,U.S. Immigration and Customs Enforcement (ICE),,Department of Homeland Security,U.S. Immigration and Customs Enforcement,TRUE,FALSE,TRUE,FALSE
VINELink.DHS.gov,Department of Homeland Security,U.S. Immigration and Customs Enforcement (ICE),,Department of Homeland Security,Headquarters,TRUE,FALSE,TRUE,FALSE
hud.gov,Department of Housing and Urban Development,Public Affairs,,Department of Housing and Urban Development,Web Master  Pulic Affair,TRUE,FALSE,TRUE,FALSE
hudhomestore.gov,Department of Housing and Urban Development,Office of Housing,,Department of Housing and Urban Development,Department of Housing and Urban Development,TRUE,FALSE,TRUE,FALSE
huduser.gov,Department of Housing and Urban Development,Policy Development and Research,,Department of Housing and Urban Development,"U.S. Department of Housing and Urban Development, Office of Policy Development and Research",TRUE,FALSE,TRUE,FALSE
answers.hud.gov,Department of Housing and Urban Development,Office of Housing,,Department of Housing and Urban Development,Web Master  Pulic Affair,TRUE,FALSE,TRUE,FALSE
hudoig.gov,Department of Housing and Urban Development,Office of Inspector General,,Department of Housing and Urban Development,Office of Inspector General,TRUE,TRUE,TRUE,TRUE
ginniemae.gov,Department of Housing and Urban Development,Government National Mortgage Association,,Department of Housing and Urban Development,Government National Mortgage Association,TRUE,TRUE,TRUE,TRUE
resources.hud.gov,Department of Housing and Urban Development,Policy Development and Research,,Department of Housing and Urban Development,Web Master  Pulic Affair,TRUE,FALSE,TRUE,FALSE
my.ginniemae.gov,Department of Housing and Urban Development,Government National Mortgage Association,,Department of Housing and Urban Development,Government National Mortgage Association,TRUE,TRUE,TRUE,TRUE
archives.huduser.gov,Department of Housing and Urban Development,Policy Development and Research,,Department of Housing and Urban Development,"U.S. Department of Housing and Urban Development, Office of Policy Development and Research",TRUE,FALSE,TRUE,FALSE
archives.hud.gov,Department of Housing and Urban Development,Public Affairs,,Department of Housing and Urban Development,Web Master  Pulic Affair,TRUE,FALSE,TRUE,FALSE
cpd2.hud.gov,Department of Housing and Urban Development,Community Planning and Development,,Department of Housing and Urban Development,Web Master  Pulic Affair,TRUE,FALSE,TRUE,FALSE
data.hud.gov,Department of Housing and Urban Development,Policy Development and Research,,Department of Housing and Urban Development,Web Master  Pulic Affair,TRUE,FALSE,TRUE,FALSE
entp.hud.gov,Department of Housing and Urban Development,Office of Housing,,Department of Housing and Urban Development,Web Master  Pulic Affair,TRUE,FALSE,TRUE,FALSE
okta.hud.gov,Department of Housing and Urban Development,Office of the Chief Information Officer,,Department of Housing and Urban Development,Web Master  Pulic Affair,TRUE,FALSE,TRUE,TRUE
drgr.hud.gov,Department of Housing and Urban Development,Community Planning and Development,,Department of Housing and Urban Development,Web Master  Pulic Affair,TRUE,FALSE,TRUE,FALSE
hudapps.hud.gov,Department of Housing and Urban Development,Office of the Chief Information Officer,,Department of Housing and Urban Development,Web Master  Pulic Affair,TRUE,FALSE,TRUE,TRUE
idis.hud.gov,Department of Housing and Urban Development,Community Planning and Development,,Department of Housing and Urban Development,Web Master  Pulic Affair,TRUE,FALSE,TRUE,FALSE
esnaps.hud.gov,Department of Housing and Urban Development,Community Planning and Development,,Department of Housing and Urban Development,Web Master  Pulic Affair,TRUE,FALSE,TRUE,FALSE
portalapps.hud.gov,Department of Housing and Urban Development,Office of the Chief Information Officer,,Department of Housing and Urban Development,Web Master  Pulic Affair,TRUE,FALSE,TRUE,TRUE
heros.hud.gov,Department of Housing and Urban Development,Community Planning and Development,,Department of Housing and Urban Development,Web Master  Pulic Affair,TRUE,FALSE,TRUE,FALSE
apps.hud.gov,Department of Housing and Urban Development,Office of Housing,,Department of Housing and Urban Development,Web Master  Pulic Affair,TRUE,FALSE,TRUE,FALSE
egis.hud.gov,Department of Housing and Urban Development,Policy Development and Research,,Department of Housing and Urban Development,Web Master  Pulic Affair,TRUE,FALSE,TRUE,FALSE
hudapps2.hud.gov,Department of Housing and Urban Development,Office of the Chief Information Officer,,Department of Housing and Urban Development,Web Master  Pulic Affair,TRUE,FALSE,TRUE,TRUE
hudhousingcounselors.hud.gov,Department of Housing and Urban Development,Office of Housing,,Department of Housing and Urban Development,Web Master  Pulic Affair,TRUE,FALSE,TRUE,FALSE
access.ginniemae.gov,Department of Housing and Urban Development,Government National Mortgage Association,,Department of Housing and Urban Development,Government National Mortgage Association,TRUE,TRUE,TRUE,TRUE
