agency,bureau,initial_url,initial_domain,url,domain,issue
Department of Commerce,Bureau of Economic Analysis,https://apps.bea.gov,apps.bea.gov,https://www.bea.gov/tools,www.bea.gov,suspected meta redirect
Department of Commerce,Census Bureau,https://disasters.census.gov,disasters.census.gov,https://www.census.gov/topics/preparedness.html,www.census.gov,suspected meta redirect
Department of Commerce,Census Bureau,https://test.census.gov,test.census.gov,https://test.census.gov/,test.census.gov,www-required
Department of Commerce,International Trade Administration,https://blog.trade.gov,blog.trade.gov,https://www.trade.gov/tradeology-official-ita-blog,www.trade.gov,suspected meta redirect
Department of Commerce,International Trade Administration,https://enforcement.trade.gov,enforcement.trade.gov,https://www.trade.gov/,www.trade.gov,suspected meta redirect
Department of Commerce,International Trade Administration,https://selectusa.gov,selectusa.gov,https://www.trade.gov/selectusa,www.trade.gov,suspected meta redirect
Department of Commerce,International Trade Administration,https://travel.trade.gov,travel.trade.gov,https://www.trade.gov/national-travel-and-tourism-office,www.trade.gov,suspected meta redirect
Department of Commerce,National Institute of Standards and Technology,https://beacon.nist.gov,beacon.nist.gov,https://csrc.nist.gov/projects/interoperable-randomness-beacons,csrc.nist.gov,suspected meta redirect
Department of Commerce,National Institute of Standards and Technology,https://concrete.nist.gov,concrete.nist.gov,https://www.nist.gov/el/concretenistgov,www.nist.gov,suspected meta redirect
Department of Commerce,National Institute of Standards and Technology,https://cryogenics.nist.gov,cryogenics.nist.gov,https://trc.nist.gov/cryogenics/,trc.nist.gov,suspected meta redirect
Department of Commerce,National Institute of Standards and Technology,https://face.nist.gov,face.nist.gov,https://www.nist.gov/programs-projects/face-projects,www.nist.gov,suspected meta redirect
Department of Commerce,National Institute of Standards and Technology,https://fingerprint.nist.gov,fingerprint.nist.gov,https://www.nist.gov/programs-projects/fingerprint,www.nist.gov,suspected meta redirect
Department of Commerce,National Institute of Standards and Technology,https://ftp.ncnr.nist.gov,ftp.ncnr.nist.gov,,,ssl
Department of Commerce,National Institute of Standards and Technology,https://hl7.connectathon-pixpdq.nist.gov,hl7.connectathon-pixpdq.nist.gov,,,ssl
Department of Commerce,National Institute of Standards and Technology,https://ipm.nist.gov,ipm.nist.gov,https://www.nist.gov/spo/forensic-science-program/interactive-process-maps,www.nist.gov,suspected meta redirect
Department of Commerce,National Institute of Standards and Technology,https://itl.nist.gov,itl.nist.gov,https://itl.nist.gov/,itl.nist.gov,www-required
Department of Commerce,National Institute of Standards and Technology,https://its.bldrdoc.gov,its.bldrdoc.gov,https://its.ntia.gov/,its.ntia.gov,suspected meta redirect
Department of Commerce,National Institute of Standards and Technology,https://physics.nist.gov,physics.nist.gov,https://www.nist.gov/pml,www.nist.gov,suspected meta redirect
Department of Commerce,National Institute of Standards and Technology,https://pml.nist.gov,pml.nist.gov,https://www.nist.gov/pml,www.nist.gov,suspected meta redirect
Department of Commerce,National Institute of Standards and Technology,https://pmlg.nist.gov,pmlg.nist.gov,https://www.nist.gov/pml,www.nist.gov,suspected meta redirect
Department of Commerce,National Institute of Standards and Technology,https://samate.nist.gov,samate.nist.gov,https://www.nist.gov/itl/ssd/software-quality-group/samate,www.nist.gov,suspected meta redirect
Department of Commerce,National Institute of Standards and Technology,https://scap.nist.gov,scap.nist.gov,https://csrc.nist.gov/projects/security-content-automation-protocol/,csrc.nist.gov,suspected meta redirect
Department of Commerce,National Institute of Standards and Technology,https://srmors.nist.gov,srmors.nist.gov,https://shop.nist.gov/ccrz__CCPage?pageKey=SRMORS,shop.nist.gov,suspected meta redirect
Department of Commerce,National Institute of Standards and Technology,https://strbase-archive.nist.gov,strbase-archive.nist.gov,https://strbase.nist.gov/,strbase.nist.gov,suspected meta redirect
Department of Commerce,National Institute of Standards and Technology,https://usgcb.nist.gov,usgcb.nist.gov,https://csrc.nist.gov/Projects/United-States-Government-Configuration-Baseline,csrc.nist.gov,suspected meta redirect
Department of Commerce,National Institute of Standards and Technology,https://web.nvd.nist.gov,web.nvd.nist.gov,https://nvd.nist.gov/,nvd.nist.gov,suspected meta redirect
Department of Commerce,National Institute of Standards and Technology,https://www-s.nist.gov,www-s.nist.gov,https://www.nist.gov/,www.nist.gov,suspected meta redirect
Department of Commerce,National Oceanic and Atmospheric Administration,https://accession.nodc.noaa.gov,accession.nodc.noaa.gov,https://www.ncei.noaa.gov/metadata/geoportal/,www.ncei.noaa.gov,suspected meta redirect
Department of Commerce,National Oceanic and Atmospheric Administration,https://alaskafisheries.noaa.gov,alaskafisheries.noaa.gov,https://www.fisheries.noaa.gov/region/alaska,www.fisheries.noaa.gov,suspected meta redirect
Department of Commerce,National Oceanic and Atmospheric Administration,https://apps-pifsc.fisheries.noaa.gov,apps-pifsc.fisheries.noaa.gov,https://www.fisheries.noaa.gov/about/pacific-islands-fisheries-science-center,www.fisheries.noaa.gov,suspected meta redirect
Department of Commerce,National Oceanic and Atmospheric Administration,https://apps-sefsc.fisheries.noaa.gov,apps-sefsc.fisheries.noaa.gov,https://www.fisheries.noaa.gov/about/southeast-fisheries-science-center,www.fisheries.noaa.gov,suspected meta redirect
Department of Commerce,National Oceanic and Atmospheric Administration,https://apps.glerl.noaa.gov,apps.glerl.noaa.gov,https://www.glerl.noaa.gov/,www.glerl.noaa.gov,suspected meta redirect
Department of Commerce,National Oceanic and Atmospheric Administration,https://apps.gsl.noaa.gov,apps.gsl.noaa.gov,https://gsl.noaa.gov/,gsl.noaa.gov,suspected meta redirect
Department of Commerce,National Oceanic and Atmospheric Administration,https://climate.noaa.gov,climate.noaa.gov,https://www.noaa.gov/climate,www.noaa.gov,suspected meta redirect
Department of Commerce,National Oceanic and Atmospheric Administration,https://cms.water.noaa.gov,cms.water.noaa.gov,https://sso.noaa.gov/openam/XUI/?realm=/noaa-online&spEntityID=urn%3Aamazon%3Acognito%3Asp%3Aus-east-1_0hCbjr8bP&goto=https%3A%2F%2Fsso.noaa.gov%3A443%2Fopenam%2Fsaml2%2Fcontinue%2FmetaAlias%2Fnoaa-online%2Fidp%3FsecondVisitUrl%3D%2Fopenam%2FSSORedirect%2FmetaAlias%2Fnoaa-online%2Fidp%3FReqID%253D_033c2b3d-aca7-48de-ac31-b88ee18fb0fb&AMAuthCookie=&authIndexType=service&authIndexValue=cac-meta-tree#/,sso.noaa.gov,suspected meta redirect
Department of Commerce,National Oceanic and Atmospheric Administration,https://cmsdrp.orr.noaa.gov,cmsdrp.orr.noaa.gov,https://sso.orr.noaa.gov/realms/ORR/protocol/saml?SAMLRequest=jZLRT8IwEMb%2FlaXvWykD0WZbMkASElQy1AdfTFMOabK2s9eh%2Fvd2I6i8EJ%2BaXO%2B7%2B35fLkOh64aXrd%2BbCt5bQB996tog7z9y0jrDrUCF3AgNyL3km%2FJuxYfJgDfOeittTf5ILisEIjivrCHRcp6T1%2FSKXZdsWt6Ui9FilLJJOp1MZuN0MR7MWXk7I9EzOAz9OQnyIEJsYWnQC%2BNDaTAcx4zFbPTIUj6YcMZeSDQPDMoI36v23jfIKUW0iXUuMVaI5M0eqANRa6QPVUVPGLTzT6KZNQjd%2BEsg8tjEZetceGOlm1pJ5Um0sE5Cn2dOdqJG6FyvA7g6wE%2BlPOXQLWs1uA24g5LwVK1%2BPUuNW9ec29ZQ19bQxqKvAJvOBSmyzjjvs3HFP9QavNgKLzL6V5gdT%2BE%2BsC7naxtwvjoYLS5EwRLWV9Q23vWtvDXYgFQ7BduAGdZ9zELUPqB71wKhxXHp%2BckV3w%3D%3D&RelayState=https%3A%2F%2Fcmsdrp.orr.noaa.gov%2F&SigAlg=http%3A%2F%2Fwww.w3.org%2F2001%2F04%2Fxmldsig-more%23rsa-sha256&Signature=mjGZZMLHLzRbrewtRB0YaWFtXwdKZjUzNxA73%2FG3gGvvkFfSf6mBxGVqaBhW0V35UhEhX7cyT1lb5cPnsCT8mCXV%2Fzu38pmlndfnh5%2FaIsu4wKv4W5VSOa1SexUswIrP6%2FWmqBBv5zyOv1f2w8ecbCVDJyAdvrYYN7%2FgGtnvoWxEurOEyQaxJckE%2B05RFszy4Yvm6Il%2BLtlFc3tDw47Ujv52oXMaa9sWRUHckPO2QyiGa51kUPYlEkg8h%2BMStJeo85NIeAFlXqIQi3CTKeITKjwxN9mUE1poeKjBhJLy1ki1CMKCHRwOP7FzBeJCr5DKOBOHwBp3m2kLwLL39AwJ1g%3D%3D,sso.orr.noaa.gov,suspected meta redirect
Department of Commerce,National Oceanic and Atmospheric Administration,https://coastwatch.chesapeakebay.noaa.gov,coastwatch.chesapeakebay.noaa.gov,https://eastcoast.coastwatch.noaa.gov/,eastcoast.coastwatch.noaa.gov,suspected meta redirect
Department of Commerce,National Oceanic and Atmospheric Administration,https://coral.aoml.noaa.gov,coral.aoml.noaa.gov,https://www.aoml.noaa.gov/coral-reef-ecosystems/,www.aoml.noaa.gov,suspected meta redirect
Department of Commerce,National Oceanic and Atmospheric Administration,https://csc.noaa.gov,csc.noaa.gov,https://coast.noaa.gov/,coast.noaa.gov,suspected meta redirect
Department of Commerce,National Oceanic and Atmospheric Administration,https://data.nodc.noaa.gov,data.nodc.noaa.gov,https://www.ncei.noaa.gov/data/oceans/,www.ncei.noaa.gov,suspected meta redirect
Department of Commerce,National Oceanic and Atmospheric Administration,https://data.pmel.noaa.gov,data.pmel.noaa.gov,https://www.pmel.noaa.gov/data-links,www.pmel.noaa.gov,suspected meta redirect
Department of Commerce,National Oceanic and Atmospheric Administration,https://dataintheclassroom.noaa.gov,dataintheclassroom.noaa.gov,https://www.noaa.gov/office-education/data-in-the-classroom,www.noaa.gov,suspected meta redirect
Department of Commerce,National Oceanic and Atmospheric Administration,https://digital.mdl.nws.noaa.gov,digital.mdl.nws.noaa.gov,https://digital.weather.gov/,digital.weather.gov,suspected meta redirect
Department of Commerce,National Oceanic and Atmospheric Administration,https://eeo.oar.noaa.gov,eeo.oar.noaa.gov,https://www.noaa.gov/civil-rights,www.noaa.gov,suspected meta redirect
Department of Commerce,National Oceanic and Atmospheric Administration,https://elnino.noaa.gov,elnino.noaa.gov,https://www.climate.gov/enso,www.climate.gov,suspected meta redirect
Department of Commerce,National Oceanic and Atmospheric Administration,https://eores.nesdis-hq.noaa.gov,eores.nesdis-hq.noaa.gov,https://sso.noaa.gov/openam/XUI/?realm=/noaa-online&spEntityID=https%3A%2F%2Feores.nesdis-hq.noaa.gov&goto=https%3A%2F%2Fsso.noaa.gov%3A443%2Fopenam%2Fsaml2%2Fcontinue%2FmetaAlias%2Fnoaa-online%2Fidp%3FsecondVisitUrl%3D%2Fopenam%2FSSORedirect%2FmetaAlias%2Fnoaa-online%2Fidp%3FReqID%253D_2DE7AFA00083FEEFE0FE99C37AA1AE5B&AMAuthCookie=&authIndexType=service&authIndexValue=cac-meta-tree#/,sso.noaa.gov,suspected meta redirect
Department of Commerce,National Oceanic and Atmospheric Administration,https://fisherybulletin.nmfs.noaa.gov,fisherybulletin.nmfs.noaa.gov,https://spo.nmfs.noaa.gov/fb.htm,spo.nmfs.noaa.gov,suspected meta redirect
Department of Commerce,National Oceanic and Atmospheric Administration,https://floridacaribbean-mdc.diver.orr.noaa.gov,floridacaribbean-mdc.diver.orr.noaa.gov,https://marinedebris.noaa.gov/your-region,marinedebris.noaa.gov,suspected meta redirect
Department of Commerce,National Oceanic and Atmospheric Administration,https://forecast.weather.gov,forecast.weather.gov,https://www.weather.gov/,www.weather.gov,suspected meta redirect
Department of Commerce,National Oceanic and Atmospheric Administration,https://foss.nmfs.noaa.gov,foss.nmfs.noaa.gov,https://www.fisheries.noaa.gov/foss/f?p=215:200::::::,www.fisheries.noaa.gov,suspected meta redirect
Department of Commerce,National Oceanic and Atmospheric Administration,https://games.noaa.gov,games.noaa.gov,https://oceanservice.noaa.gov/education/,oceanservice.noaa.gov,suspected meta redirect
Department of Commerce,National Oceanic and Atmospheric Administration,https://gis.ncdc.noaa.gov,gis.ncdc.noaa.gov,https://www.ncei.noaa.gov/maps-and-geospatial-products,www.ncei.noaa.gov,suspected meta redirect
Department of Commerce,National Oceanic and Atmospheric Administration,https://graphical.mdl.nws.noaa.gov,graphical.mdl.nws.noaa.gov,https://graphical.weather.gov/,graphical.weather.gov,suspected meta redirect
Department of Commerce,National Oceanic and Atmospheric Administration,https://greateratlantic.fisheries.noaa.gov,greateratlantic.fisheries.noaa.gov,https://www.fisheries.noaa.gov/region/new-england-mid-atlantic,www.fisheries.noaa.gov,suspected meta redirect
Department of Commerce,National Oceanic and Atmospheric Administration,https://greatlakes-mdc.diver.orr.noaa.gov,greatlakes-mdc.diver.orr.noaa.gov,https://marinedebris.noaa.gov/your-region/great-lakes,marinedebris.noaa.gov,suspected meta redirect
Department of Commerce,National Oceanic and Atmospheric Administration,https://gulfofmexico-mdc.diver.orr.noaa.gov,gulfofmexico-mdc.diver.orr.noaa.gov,https://marinedebris.noaa.gov/your-region/gulf-america,marinedebris.noaa.gov,suspected meta redirect
Department of Commerce,National Oceanic and Atmospheric Administration,https://hibase.noaa.gov,hibase.noaa.gov,https://accounts.google.com/v3/signin/identifier?opparams=%253F&dsh=S-466879601%3A1763341992894008&approval_prompt=force&client_id=572977238477-tni1q5imsf0fh7g0sq5ovtvguij8qkhm.apps.googleusercontent.com&o2v=1&redirect_uri=https%3A%2F%2Fhibase.noaa.gov%2Fhibase%2Fdefault%2Fuser%2Flogin&response_type=code&scope=https%3A%2F%2Fwww.googleapis.com%2Fauth%2Fuserinfo.profile+https%3A%2F%2Fwww.googleapis.com%2Fauth%2Fuserinfo.email&service=lso&state=auth_provider%3Dgoogle&flowName=GeneralOAuthFlow&continue=https%3A%2F%2Faccounts.google.com%2Fsignin%2Foauth%2Fconsent%3Fauthuser%3Dunknown%26part%3DAJi8hANZe08LWitEFn3BrIUFLkXFfDLpzJBMf-_SG8jXqIB4PtCMSPCHzNdQ6WNIj-odh0JWqXbBfeNyuhwALgNV4YvrcUcsKvV3i9xXZoExS87LnzBD5ua-LwV05TFbVgh-zQ_-ITZa09fM9NdetydTsK9ha5LqisWM2M4t9hE3UesPrPq7clfKI98uZSYLnn3p2qZwYDUaNQpdpD3HVtPuqMaNMKURsL_LC2GhHvJI0c9MMxzHuK9nceyQ8_x74Dr0T1GR9-2yb8-_TKbPd9Ye_eCn-s2qpW4fG094nq2d-aAo5wTtFCrAhQ5uXeNicykbnWOsh3OCBuoM3t6pwkctM9ENyao7Y_xx5QINfu5v1Xcnd27vHW45K3h0JOSf7ykMmjKxdKMJWMrwvC3XjhZgfjGaKz2svLdZ1FD5EHAgUE3cT2WKVL810vaMS9FdLTEVR1Vsgo0qiQsdakHvxvzpWpABwqLAIw%26flowName%3DGeneralOAuthFlow%26as%3DS-466879601%253A1763341992894008%26client_id%3D572977238477-tni1q5imsf0fh7g0sq5ovtvguij8qkhm.apps.googleusercontent.com%23&app_domain=https%3A%2F%2Fhibase.noaa.gov&rart=ANgoxcdMSzOMkywcMkOFq8TFHPRBTuooB_Gi8wqlwJrpAo6xZ4Pi4vB-bw7xmwzFcmRkiW0k2Eu4i9-ZMz9IWuM_-UtkEgXOSKQrMYWognkSbGqNgBtL5CE,accounts.google.com,suspected meta redirect
Department of Commerce,National Oceanic and Atmospheric Administration,https://icoads.noaa.gov,icoads.noaa.gov,https://www.ncei.noaa.gov/products/international-comprehensive-ocean-atmosphere-data-set,www.ncei.noaa.gov,suspected meta redirect
Department of Commerce,National Oceanic and Atmospheric Administration,https://inport.nmfs.noaa.gov,inport.nmfs.noaa.gov,https://www.fisheries.noaa.gov/inport/,www.fisheries.noaa.gov,suspected meta redirect
Department of Commerce,National Oceanic and Atmospheric Administration,https://legislative.noaa.gov,legislative.noaa.gov,https://www.noaa.gov/legislative-and-intergovernmental-affairs,www.noaa.gov,suspected meta redirect
Department of Commerce,National Oceanic and Atmospheric Administration,https://lightning.cmdl.noaa.gov,lightning.cmdl.noaa.gov,https://gml.noaa.gov/,gml.noaa.gov,suspected meta redirect
Department of Commerce,National Oceanic and Atmospheric Administration,https://m.cameochemicals.noaa.gov,m.cameochemicals.noaa.gov,,,ssl
Department of Commerce,National Oceanic and Atmospheric Administration,https://mapservices.weather.noaa.gov,mapservices.weather.noaa.gov,https://www.weather.gov/gis/cloudgiswebservices,www.weather.gov,suspected meta redirect
Department of Commerce,National Oceanic and Atmospheric Administration,https://marine.weather.gov,marine.weather.gov,https://www.weather.gov/,www.weather.gov,suspected meta redirect
Department of Commerce,National Oceanic and Atmospheric Administration,https://midatlantic-mdc.diver.orr.noaa.gov,midatlantic-mdc.diver.orr.noaa.gov,https://marinedebris.noaa.gov/your-region/mid-atlantic,marinedebris.noaa.gov,suspected meta redirect
Department of Commerce,National Oceanic and Atmospheric Administration,https://ncdc.noaa.gov,ncdc.noaa.gov,https://www.ncei.noaa.gov/,www.ncei.noaa.gov,suspected meta redirect
Department of Commerce,National Oceanic and Atmospheric Administration,https://ngdc.noaa.gov,ngdc.noaa.gov,https://www.ncei.noaa.gov/,www.ncei.noaa.gov,suspected meta redirect
Department of Commerce,National Oceanic and Atmospheric Administration,https://noc.nwave.noaa.gov,noc.nwave.noaa.gov,https://www.noaa.gov/organization/information-technology/n-wave,www.noaa.gov,suspected meta redirect
Department of Commerce,National Oceanic and Atmospheric Administration,https://northeast-mdc.diver.orr.noaa.gov,northeast-mdc.diver.orr.noaa.gov,https://marinedebris.noaa.gov/your-region/northeast,marinedebris.noaa.gov,suspected meta redirect
Department of Commerce,National Oceanic and Atmospheric Administration,https://nrc.noaa.gov,nrc.noaa.gov,https://nrc.noaa.gov/,nrc.noaa.gov,www-required
Department of Commerce,National Oceanic and Atmospheric Administration,https://nws.weather.gov,nws.weather.gov,https://www.weather.gov/,www.weather.gov,suspected meta redirect
Department of Commerce,National Oceanic and Atmospheric Administration,https://oceans.pmel.noaa.gov,oceans.pmel.noaa.gov,https://www.pmel.noaa.gov/page-not-found,www.pmel.noaa.gov,suspected meta redirect
Department of Commerce,National Oceanic and Atmospheric Administration,https://om.cmdl.noaa.gov,om.cmdl.noaa.gov,https://gml.noaa.gov/ccgg/,gml.noaa.gov,suspected meta redirect
Department of Commerce,National Oceanic and Atmospheric Administration,https://origin-east-www-ssd.woc.noaa.gov,origin-east-www-ssd.woc.noaa.gov,https://www.ospo.noaa.gov/,www.ospo.noaa.gov,suspected meta redirect
Department of Commerce,National Oceanic and Atmospheric Administration,https://origin.oceanexplorer.noaa.gov,origin.oceanexplorer.noaa.gov,https://oceanexplorer.noaa.gov/,oceanexplorer.noaa.gov,suspected meta redirect
Department of Commerce,National Oceanic and Atmospheric Administration,https://osmc.noaa.gov,osmc.noaa.gov,https://osmc.noaa.gov/,osmc.noaa.gov,www-required
Department of Commerce,National Oceanic and Atmospheric Administration,https://owaq.noaa.gov,owaq.noaa.gov,https://wpo.noaa.gov/,wpo.noaa.gov,suspected meta redirect
Department of Commerce,National Oceanic and Atmospheric Administration,https://pacificislands-mdc.diver.orr.noaa.gov,pacificislands-mdc.diver.orr.noaa.gov,https://marinedebris.noaa.gov/your-region/pacific-islands,marinedebris.noaa.gov,suspected meta redirect
Department of Commerce,National Oceanic and Atmospheric Administration,https://portal.diver.orr.noaa.gov,portal.diver.orr.noaa.gov,https://login.diver.orr.noaa.gov/realms/DIVER/protocol/openid-connect/auth?response_type=code&client_id=portal&redirect_uri=https%3A%2F%2Fportal.diver.orr.noaa.gov%2Fc%2Fportal%2Flogin&scope=profile+openid&state=uLTRgI0Sc7SumIULq5_YOQFSsqDzlT_48FlINdgIQCg&nonce=qHc19f7X0tG7VwcbxXT4QafwCIMdxad7r9dBkkinD8E,login.diver.orr.noaa.gov,suspected meta redirect
Department of Commerce,National Oceanic and Atmospheric Administration,https://preserveamerica.noaa.gov,preserveamerica.noaa.gov,https://www.noaa.gov/heritage,www.noaa.gov,suspected meta redirect
Department of Commerce,National Oceanic and Atmospheric Administration,https://preview-forecast.weather.gov,preview-forecast.weather.gov,https://preview.weather.gov/,preview.weather.gov,suspected meta redirect
Department of Commerce,National Oceanic and Atmospheric Administration,https://preview-idp.weather.gov,preview-idp.weather.gov,https://preview.weather.gov/,preview.weather.gov,suspected meta redirect
Department of Commerce,National Oceanic and Atmospheric Administration,https://preview-marine.weather.gov,preview-marine.weather.gov,https://preview.weather.gov/,preview.weather.gov,suspected meta redirect
Department of Commerce,National Oceanic and Atmospheric Administration,https://prod-01-asg-www-climate.woc.noaa.gov,prod-01-asg-www-climate.woc.noaa.gov,https://www.noaa.gov/climate,www.noaa.gov,suspected meta redirect
Department of Commerce,National Oceanic and Atmospheric Administration,https://responsedirectory.orr.noaa.gov,responsedirectory.orr.noaa.gov,https://response.restoration.noaa.gov/,response.restoration.noaa.gov,suspected meta redirect
Department of Commerce,National Oceanic and Atmospheric Administration,https://ripcurrents.noaa.gov,ripcurrents.noaa.gov,https://www.weather.gov/safety/ripcurrent,www.weather.gov,suspected meta redirect
Department of Commerce,National Oceanic and Atmospheric Administration,https://saga.pmel.noaa.gov,saga.pmel.noaa.gov,https://www.pmel.noaa.gov/acg/,www.pmel.noaa.gov,suspected meta redirect
Department of Commerce,National Oceanic and Atmospheric Administration,https://secure.training.weather.gov,secure.training.weather.gov,https://sso.noaa.gov/openam/XUI/?realm=/noaa-online&spEntityID=urn%3Asecure.training.weather.gov&goto=https%3A%2F%2Fsso.noaa.gov%3A443%2Fopenam%2Fsaml2%2Fcontinue%2FmetaAlias%2Fnoaa-online%2Fidp%3FsecondVisitUrl%3D%2Fopenam%2FSSORedirect%2FmetaAlias%2Fnoaa-online%2Fidp%3FReqID%253D_C9D20110F64A41B01DD25516DE68CF3C&AMAuthCookie=&authIndexType=service&authIndexValue=cac-meta-tree#/,sso.noaa.gov,suspected meta redirect
Department of Commerce,National Oceanic and Atmospheric Administration,https://sift.pmel.noaa.gov,sift.pmel.noaa.gov,https://nctr.pmel.noaa.gov/,nctr.pmel.noaa.gov,suspected meta redirect
Department of Commerce,National Oceanic and Atmospheric Administration,https://sites.gsl.noaa.gov,sites.gsl.noaa.gov,https://gsl.noaa.gov/,gsl.noaa.gov,suspected meta redirect
Department of Commerce,National Oceanic and Atmospheric Administration,https://southeast-mdc.diver.orr.noaa.gov,southeast-mdc.diver.orr.noaa.gov,https://marinedebris.noaa.gov/your-region/southeast,marinedebris.noaa.gov,suspected meta redirect
Department of Commerce,National Oceanic and Atmospheric Administration,https://ssd.noaa.gov,ssd.noaa.gov,https://www.ospo.noaa.gov/,www.ospo.noaa.gov,suspected meta redirect
Department of Commerce,National Oceanic and Atmospheric Administration,https://st.nmfs.noaa.gov,st.nmfs.noaa.gov,https://www.fisheries.noaa.gov/about/office-science-and-technology,www.fisheries.noaa.gov,suspected meta redirect
Department of Commerce,National Oceanic and Atmospheric Administration,https://swfsc.noaa.gov,swfsc.noaa.gov,https://www.fisheries.noaa.gov/about/southwest-fisheries-science-center,www.fisheries.noaa.gov,suspected meta redirect
Department of Commerce,National Oceanic and Atmospheric Administration,https://testbed.arl.noaa.gov,testbed.arl.noaa.gov,https://www.arl.noaa.gov/,www.arl.noaa.gov,suspected meta redirect
Department of Commerce,National Oceanic and Atmospheric Administration,https://testing-cms.water.noaa.gov,testing-cms.water.noaa.gov,https://sso.noaa.gov/openam/XUI/?realm=/noaa-online&spEntityID=urn%3Aamazon%3Acognito%3Asp%3Aus-east-1_u5ftGAtp8&goto=https%3A%2F%2Fsso.noaa.gov%3A443%2Fopenam%2Fsaml2%2Fcontinue%2FmetaAlias%2Fnoaa-online%2Fidp%3FsecondVisitUrl%3D%2Fopenam%2FSSORedirect%2FmetaAlias%2Fnoaa-online%2Fidp%3FReqID%253D_bc2b0c2d-d575-4eb2-a206-1549c9ee3101&AMAuthCookie=&authIndexType=service&authIndexValue=cac-meta-tree#/,sso.noaa.gov,suspected meta redirect
Department of Commerce,National Oceanic and Atmospheric Administration,https://uxsrto.research.noaa.gov,uxsrto.research.noaa.gov,https://www.omao.noaa.gov/uncrewed-systems,www.omao.noaa.gov,suspected meta redirect
Department of Commerce,National Oceanic and Atmospheric Administration,https://vhs.services.nesdis.noaa.gov,vhs.services.nesdis.noaa.gov,,,ssl
Department of Commerce,National Telecommunications and Information Administration,https://5gchallenge.ntia.gov,5gchallenge.ntia.gov,https://its.ntia.gov/research/5g/5g-open-ran/,its.ntia.gov,suspected meta redirect
Department of Commerce,National Telecommunications and Information Administration,https://internet4all.gov,internet4all.gov,https://broadbandusa.ntia.gov/,broadbandusa.ntia.gov,suspected meta redirect
Department of Commerce,National Telecommunications and Information Administration,https://internetforall.gov,internetforall.gov,https://broadbandusa.ntia.gov/,broadbandusa.ntia.gov,suspected meta redirect
Department of Commerce,NOAA Coastal Services Center,https://marinecadastre.gov,marinecadastre.gov,https://hub.marinecadastre.gov/,hub.marinecadastre.gov,suspected meta redirect
Department of Commerce,NOAA/National Hurricane Center,https://hurricanes.gov,hurricanes.gov,https://www.nhc.noaa.gov/,www.nhc.noaa.gov,suspected meta redirect
Department of Commerce,NWS/OPS33,https://climate.gov,climate.gov,https://www.noaa.gov/climate,www.noaa.gov,suspected meta redirect
Department of Commerce,NWS/OPS33,https://content-drupal.climate.gov,content-drupal.climate.gov,https://www.noaa.gov/climate,www.noaa.gov,suspected meta redirect
Department of Commerce,Office of the Chief Information Officer,https://broadbandusa.ntia.doc.gov,broadbandusa.ntia.doc.gov,https://broadbandusa.ntia.gov/,broadbandusa.ntia.gov,suspected meta redirect
Department of Commerce,Office of the Chief Information Officer,https://doc.gov,doc.gov,https://doc.gov/,doc.gov,www-required
Department of Commerce,Office of the Chief Information Officer,https://ntia.doc.gov,ntia.doc.gov,https://www.ntia.gov/,www.ntia.gov,suspected meta redirect
Department of Commerce,USPTO,https://assignment.uspto.gov,assignment.uspto.gov,https://assignmentcenter.uspto.gov/,assignmentcenter.uspto.gov,suspected meta redirect
Department of Commerce,USPTO,https://equiphq.uspto.gov,equiphq.uspto.gov,https://www.uspto.gov/kids,www.uspto.gov,suspected meta redirect
Department of Commerce,USPTO,https://foiadocuments.uspto.gov,foiadocuments.uspto.gov,https://www.uspto.gov/about-us/electronic-freedom-information-act-e-foia,www.uspto.gov,suspected meta redirect
Department of Commerce,USPTO,https://ipassessment.uspto.gov,ipassessment.uspto.gov,,,ssl
Department of Commerce,USPTO,https://patentsgazette.uspto.gov,patentsgazette.uspto.gov,https://www.uspto.gov/learning-and-resources/official-gazette/official-gazette-patents,www.uspto.gov,suspected meta redirect
Department of Commerce,USPTO,https://portal.uspto.gov,portal.uspto.gov,https://www.uspto.gov/patents/public-pair-be-retired,www.uspto.gov,suspected meta redirect
Department of Commerce,USPTO,https://tarr.uspto.gov,tarr.uspto.gov,https://tsdr.uspto.gov/,tsdr.uspto.gov,suspected meta redirect
Department of Commerce,USPTO,https://tdr.uspto.gov,tdr.uspto.gov,https://tsdr.uspto.gov/,tsdr.uspto.gov,suspected meta redirect
Department of Commerce,USPTO,https://tmportal.uspto.gov,tmportal.uspto.gov,https://tsdr.uspto.gov/,tsdr.uspto.gov,suspected meta redirect
Department of Homeland Security,Cybersecurity and Infrastructure Security Agency,https://beta.get.gov,beta.get.gov,https://get.gov/,get.gov,suspected meta redirect
Department of Homeland Security,Cybersecurity and Infrastructure Security Agency,https://stopransomware.gov,stopransomware.gov,https://www.cisa.gov/stopransomware,www.cisa.gov,suspected meta redirect
Department of Homeland Security,Cybersecurity and Infrastructure Security Agency,https://us-cert.cisa.gov,us-cert.cisa.gov,https://www.cisa.gov/,www.cisa.gov,suspected meta redirect
Department of Homeland Security,"Department of Homeland Security, Office of the Chief Information Officer",https://release.niem.gov,release.niem.gov,,,ssl
Department of Homeland Security,"Department of Homeland Security, Office of the Chief Information Officer",https://tools.niem.gov,tools.niem.gov,,,ssl
Department of Homeland Security,Federal Emergency Management Agency,https://edit.fema.gov,edit.fema.gov,https://www.fema.gov/,www.fema.gov,suspected meta redirect
Department of Homeland Security,Federal Emergency Management Agency,https://get.nfipdirect.fema.gov,get.nfipdirect.fema.gov,,,ssl
Department of Homeland Security,Federal Emergency Management Agency,https://nfipservices.floodsmart.gov,nfipservices.floodsmart.gov,https://agents.floodsmart.gov/?utm_source=nfipservices&utm_medium=redirect&utm_content=homepage&utm_campaign=_,agents.floodsmart.gov,suspected meta redirect
Department of Homeland Security,Federal Emergency Management Agency,https://tableau.nfipdirect.fema.gov,tableau.nfipdirect.fema.gov,,,ssl
Department of Homeland Security,Headquarters,https://ace.cbp.dhs.gov,ace.cbp.dhs.gov,https://ace.cbp.gov/s/login/?startURL=%2Fidp%2Flogin%3Fapp%3D0spt0000000TN3k%26RelayState%3Duuide7795e30-76c6-4d7e-b153-f03969443681%26binding%3DHttpPost%26inresponseto%3DFIMREQ_9098e8b4-019a-1acd-8d91-858ab5b8863b,ace.cbp.gov,suspected meta redirect
Department of Homeland Security,Headquarters,https://crossfeed.cyber.dhs.gov,crossfeed.cyber.dhs.gov,,,ssl
Department of Homeland Security,Headquarters,https://edit.dhs.gov,edit.dhs.gov,https://www.dhs.gov/,www.dhs.gov,suspected meta redirect
Department of Homeland Security,Headquarters,https://emailtest.tsa.dhs.gov,emailtest.tsa.dhs.gov,,,ssl
Department of Homeland Security,Headquarters,https://esafe.cbp.dhs.gov,esafe.cbp.dhs.gov,https://e-safe.cbp.dhs.gov/,e-safe.cbp.dhs.gov,suspected meta redirect
Department of Homeland Security,Headquarters,https://myworkplace.dhs.gov,myworkplace.dhs.gov,,,ssl
Department of Homeland Security,Headquarters,https://quickconnect.dhs.gov,quickconnect.dhs.gov,,,ssl
Department of Homeland Security,Headquarters,https://sso.tsa.dhs.gov,sso.tsa.dhs.gov,,,ssl
Department of Homeland Security,Headquarters,https://topsso.tsa.dhs.gov,topsso.tsa.dhs.gov,,,ssl
Department of Homeland Security,Headquarters,https://trade.cbp.dhs.gov,trade.cbp.dhs.gov,https://ace.cbp.gov/s/login/?startURL=%2Fsetup%2Fsecur%2FRemoteAccessAuthorizationPage.apexp%3Fsource%3DCAAAAZqUwofSMDAwMDAwMDAwMDAwMDAwAAABAiWcg_HrVWS5615rBg0joIoWrwV36deX8_0jyIC_Y11U71yHxsPewW9DrU0vGt-ampxuGBtMFDmzlKOzWvhU1AZjYyIUrcd35tY2sEEyfSzKMDElWm3-hzDiTxFUS_06tg-QXDNvHMzFRHy7HHwqhLeKe4mh6lUAwXeEpAXOdV0FhtvA61nPzFdHaskoKPxHBbJ4FbNYPfWjn9ifsl0hSPKJJi0T9Hdx69LmvH3IONUyOudePZ_hrfr9fZDBSJYlhU8mWovQpB7a3BWRah0MBP4a3CbjKwFK7pPSvXkYANlXFAfmFbA7vQaA25XnF1Ef6NWb07ZLi4ImlzWQ1qZP44rEQZrgfijaB95w9nYw7XKx9uVpwO6xIM2EwXVr94fego0tXcs82giRixcJi_s5WmLOsSYT1HmIacuxI3kuGtNAOa9XwGfgh2Sj04W0MZeWgQh9e65m6JjyYV22mU5Lbc_cKPCiiee_NyfhBGAJRVNroXAuUUwhcRdUvbRxOgZOnwmyz_6MJ0JPrZ9TX_9_o8vGlDXI5HV5RWJEvNiKKMlpD8u9iyHEr3mxKVA1avZY2Ebbw-6RAUVhb59JyNiojHEEQcGtu_QVIWyHUlTgEkgpZf4pSOftkzhSJua8tjhT6Pj18T2v4t3CMUmAamOZF88-0yhjCnAaNogWEnmpKgHOcavuurKtDEcgElG2vWn0vdzOrMM-4yZDXEKTpi3XOMaXTxDGT6iKAOfJnwwwnVrMOg3wpJQEEgRNTN-oDsj7FzA2uwVsZ0O7hE9BTwWMqVaxzyHe-uYUNDTBvpRJufeqEVRGXbB6JqjJDXRz8GHhOe4GdigBapWZ5NG5BtwUp0dzcilwMH4x-88NIT7BIE74w9GlvJbXl3ePJo_Uax5dwmB45UVkMDrZQhpiqTnSp-k_sacw_P_OsQIBMqlZWWAFgFvIyTx6ACSJDB1i1i1v_2YM6oZcILmRQJJJl3fIlB7nY2-mosULJtaVE0zddf82SHjfvkla32G15_iF8fNR4ske1TquOFRXsL7Yg3rAoZGA1s9IG5kneOEu2tba6coRIIhuwcwTXkYSsIm51qSLOOaZ4AOADpan8vavcorxIhD6newqpEr85lOV_GXlG5C3q14xRy45fPggenv0z1UNzWZOn5P1Vcx4ZjDKBa21bayL2o03CEzZ_-HGOdLkW3Vi3i_oILepqWBOHPu-LCzRm3CV99MDrPVgPsuevKHWdosCuPV2tWdTGOd7hvTCOetDMg79fy2GdfDySj9C6s8OYe-EMN7-5VjL3INI9aKPgmCrVFI6xf9PtgVk5JVCz7mGGO3FWP_imaarFSSPGVmB6ATrxc2ELSuWy5H9NJJyhSKwmf8WhfKRYHTlsh59TkRh-318fzjXUgC9lANhBLz-OyY8NhZdG24V6WqyQrLASaY%253D,ace.cbp.gov,suspected meta redirect
Department of Homeland Security,Headquarters,https://ueadmin.dhs.gov,ueadmin.dhs.gov,,,ssl
Department of Homeland Security,Headquarters,https://universalenroll.dhs.gov,universalenroll.dhs.gov,https://tsaenrollmentbyidemia.tsa.dhs.gov/,tsaenrollmentbyidemia.tsa.dhs.gov,suspected meta redirect
Department of Homeland Security,Headquarters,https://workplace-cbp.dhs.gov,workplace-cbp.dhs.gov,,,ssl
Department of Homeland Security,Headquarters,https://workplace-cis.dhs.gov,workplace-cis.dhs.gov,,,ssl
Department of Homeland Security,Headquarters,https://workplace-hq.dhs.gov,workplace-hq.dhs.gov,,,ssl
Department of Homeland Security,Headquarters,https://workplace-ice.dhs.gov,workplace-ice.dhs.gov,,,ssl
Department of Homeland Security,Headquarters,https://workplace-tsa.dhs.gov,workplace-tsa.dhs.gov,,,ssl
Department of Homeland Security,U.S. Customs and Border Protection,https://biometrics.cbp.gov,biometrics.cbp.gov,https://www.cbp.gov/travel/biometrics,www.cbp.gov,suspected meta redirect
Department of Homeland Security,U.S. Customs and Border Protection,https://bwt.qa.cbp.gov,bwt.qa.cbp.gov,,,ssl
Department of Homeland Security,U.S. Customs and Border Protection,https://globalentry.gov,globalentry.gov,https://www.cbp.gov/travel/trusted-traveler-programs/global-entry,www.cbp.gov,suspected meta redirect
Department of Homeland Security,U.S. Customs and Border Protection,https://trade.cbp.gov,trade.cbp.gov,https://www.cbp.gov/trade,www.cbp.gov,suspected meta redirect
Department of Homeland Security,U.S. Immigration and Customs Enforcement,https://join.ice.gov,join.ice.gov,https://www.ice.gov/join,www.ice.gov,suspected meta redirect
Department of Homeland Security,US-CERT,https://ics-cert.us-cert.gov,ics-cert.us-cert.gov,https://www.cisa.gov/topics/industrial-control-systems,www.cisa.gov,suspected meta redirect
Department of Homeland Security,US-CERT,https://malware.us-cert.gov,malware.us-cert.gov,https://www.cisa.gov/resources-tools/services/malware-next-generation-analysis,www.cisa.gov,suspected meta redirect
Department of Homeland Security,US-CERT,https://niccs.us-cert.gov,niccs.us-cert.gov,https://niccs.cisa.gov/,niccs.cisa.gov,suspected meta redirect
Department of Homeland Security,US-CERT,https://us-cert.gov,us-cert.gov,https://www.cisa.gov/,www.cisa.gov,suspected meta redirect
Department of Homeland Security,US-VISIT,https://biometrics.gov,biometrics.gov,https://www.dhs.gov/biometrics,www.dhs.gov,suspected meta redirect
Department of Homeland Security,USCIS,https://blog.uscis.gov,blog.uscis.gov,https://www.uscis.gov/,www.uscis.gov,suspected meta redirect
Department of Homeland Security,USCIS,https://everify.uscis.gov,everify.uscis.gov,https://idp.uscis.gov/,idp.uscis.gov,suspected meta redirect
Department of Homeland Security,USCIS,https://first.uscis.gov,first.uscis.gov,https://myaccount.uscis.gov/sign-in,myaccount.uscis.gov,suspected meta redirect
Department of Homeland Security,USCIS,https://preview.e-verify.gov,preview.e-verify.gov,https://www.e-verify.gov/,www.e-verify.gov,suspected meta redirect
Department of Housing and Urban Development,Department of Housing and Urban Development,https://nationalhousinglocator.gov,nationalhousinglocator.gov,https://www.hud.gov/,www.hud.gov,www-forbidden
Department of Housing and Urban Development,Government National Mortgage Association,https://access.ginniemae.gov,access.ginniemae.gov,https://my.ginniemae.gov/webcenter/portal/public,my.ginniemae.gov,suspected meta redirect
Department of Housing and Urban Development,Government National Mortgage Association,https://access8.uat.ginniemae.gov,access8.uat.ginniemae.gov,https://my8.uat.ginniemae.gov/webcenter/portal/public,my8.uat.ginniemae.gov,suspected meta redirect
Department of Housing and Urban Development,Government National Mortgage Association,https://cms.ginniemae.gov,cms.ginniemae.gov,https://login.ginniemae.gov/app/sharepoint_onpremise/sso/wsfed/passive?wa=wsignin1.0&wtrealm=urn%3aokta%3asharepoint%3aexkge3pwlxLOXZpKr4h7&wctx=https%3a%2f%2fcms.ginniemae.gov%2f_layouts%2f15%2fAuthenticate.aspx%3fSource%3d%252F,login.ginniemae.gov,suspected meta redirect
Department of Housing and Urban Development,"U.S. Department of Housing and Urban Development, Office of Policy Development and Research",https://socds.huduser.gov,socds.huduser.gov,https://www.huduser.gov/portal/datasets/socds.html,www.huduser.gov,suspected meta redirect
Department of Housing and Urban Development,Web Master  Pulic Affair,https://opportunityzones.hud.gov,opportunityzones.hud.gov,https://www.hud.gov/opportunity-zones,www.hud.gov,suspected meta redirect
National Aeronautics and Space Administration,Jet Propulsion Lab Communications and Education Directorate,https://scijinks.gov,scijinks.gov,https://www.nesdis.noaa.gov/about/k-12-education/scijinks,www.nesdis.noaa.gov,suspected meta redirect
National Aeronautics and Space Administration,NASA Office of the Chief Information Officer,https://acdb-ext.gsfc.nasa.gov,acdb-ext.gsfc.nasa.gov,https://acd-ext.gsfc.nasa.gov/,acd-ext.gsfc.nasa.gov,suspected meta redirect
National Aeronautics and Space Administration,NASA Office of the Chief Information Officer,https://acdisc.gsfc.nasa.gov,acdisc.gsfc.nasa.gov,https://disc.gsfc.nasa.gov/information?page=1&keywords=acdisc,disc.gsfc.nasa.gov,suspected meta redirect
National Aeronautics and Space Administration,NASA Office of the Chief Information Officer,https://aero.larc.nasa.gov,aero.larc.nasa.gov,https://www.nasa.gov/langley/aeronautics/,www.nasa.gov,suspected meta redirect
National Aeronautics and Space Administration,NASA Office of the Chief Information Officer,https://ails.arc.nasa.gov,ails.arc.nasa.gov,https://www.nasa.gov/,www.nasa.gov,suspected meta redirect
National Aeronautics and Space Administration,NASA Office of the Chief Information Officer,https://airbornescience.jpl.nasa.gov,airbornescience.jpl.nasa.gov,https://earth.jpl.nasa.gov/estd-missions/airborne/,earth.jpl.nasa.gov,suspected meta redirect
National Aeronautics and Space Administration,NASA Office of the Chief Information Officer,https://akama.arc.nasa.gov,akama.arc.nasa.gov,https://asrs.arc.nasa.gov/report/electronic.html,asrs.arc.nasa.gov,suspected meta redirect
National Aeronautics and Space Administration,NASA Office of the Chief Information Officer,https://ams.nasa.gov,ams.nasa.gov,https://www.nasa.gov/alpha-magnetic-spectrometer/,www.nasa.gov,suspected meta redirect
National Aeronautics and Space Administration,NASA Office of the Chief Information Officer,https://analyst.gsfc.nasa.gov,analyst.gsfc.nasa.gov,https://etd.gsfc.nasa.gov/directorate/division540/540-branches/,etd.gsfc.nasa.gov,suspected meta redirect
National Aeronautics and Space Administration,NASA Office of the Chief Information Officer,https://antwrp.gsfc.nasa.gov,antwrp.gsfc.nasa.gov,https://apod.nasa.gov/apod/astropix.html,apod.nasa.gov,suspected meta redirect
National Aeronautics and Space Administration,NASA Office of the Chief Information Officer,https://apd440.gsfc.nasa.gov,apd440.gsfc.nasa.gov,https://science.nasa.gov/astrophysics/programs/appd/,science.nasa.gov,suspected meta redirect
National Aeronautics and Space Administration,NASA Office of the Chief Information Officer,https://apod.gsfc.nasa.gov,apod.gsfc.nasa.gov,https://apod.nasa.gov/apod/astropix.html,apod.nasa.gov,suspected meta redirect
National Aeronautics and Space Administration,NASA Office of the Chief Information Officer,https://apps.nasa.gov,apps.nasa.gov,https://www.nasa.gov/apps/,www.nasa.gov,suspected meta redirect
National Aeronautics and Space Administration,NASA Office of the Chief Information Officer,https://arset.gsfc.nasa.gov,arset.gsfc.nasa.gov,https://appliedsciences.nasa.gov/what-we-do/capacity-building/arset,appliedsciences.nasa.gov,suspected meta redirect
National Aeronautics and Space Administration,NASA Office of the Chief Information Officer,https://atmospheres.gsfc.nasa.gov,atmospheres.gsfc.nasa.gov,https://earth.gsfc.nasa.gov/,earth.gsfc.nasa.gov,suspected meta redirect
National Aeronautics and Space Administration,NASA Office of the Chief Information Officer,https://atrain.nasa.gov,atrain.nasa.gov,https://science.nasa.gov/mission/a-train/,science.nasa.gov,suspected meta redirect
National Aeronautics and Space Administration,NASA Office of the Chief Information Officer,https://aura.gsfc.nasa.gov,aura.gsfc.nasa.gov,https://science.nasa.gov/mission/aura/,science.nasa.gov,suspected meta redirect
National Aeronautics and Space Administration,NASA Office of the Chief Information Officer,https://aviationsystems.arc.nasa.gov,aviationsystems.arc.nasa.gov,https://www.nasa.gov/ames/aviationsystems/,www.nasa.gov,suspected meta redirect
National Aeronautics and Space Administration,NASA Office of the Chief Information Officer,https://blogs.nasa.gov,blogs.nasa.gov,https://www.nasa.gov/blogs/,www.nasa.gov,suspected meta redirect
National Aeronautics and Space Administration,NASA Office of the Chief Information Officer,https://blueice.gsfc.nasa.gov,blueice.gsfc.nasa.gov,https://earth.gsfc.nasa.gov/cryo/data,earth.gsfc.nasa.gov,suspected meta redirect
National Aeronautics and Space Administration,NASA Office of the Chief Information Officer,https://bluemarble.nasa.gov,bluemarble.nasa.gov,https://earthobservatory.nasa.gov/,earthobservatory.nasa.gov,suspected meta redirect
National Aeronautics and Space Administration,NASA Office of the Chief Information Officer,https://bugs.earthdata.nasa.gov,bugs.earthdata.nasa.gov,https://urs.earthdata.nasa.gov/oauth/authorize?client_id=TjxhAU2iRD4PAF9_I-b0tw&response_type=code&redirect_uri=https%3A%2F%2Fbugs.earthdata.nasa.gov%2Fplugins%2Fservlet%2FJiraOAuth2&state=https%3A%2F%2Fbugs.earthdata.nasa.gov%2Fdefault.jsp,urs.earthdata.nasa.gov,suspected meta redirect
National Aeronautics and Space Administration,NASA Office of the Chief Information Officer,https://bugs.sit.earthdata.nasa.gov,bugs.sit.earthdata.nasa.gov,https://sit.urs.earthdata.nasa.gov/oauth/authorize?client_id=HAuDrIyKlzFbYriOUJhMxw&response_type=code&redirect_uri=https%3A%2F%2Fbugs.sit.earthdata.nasa.gov%2Fplugins%2Fservlet%2FJiraOAuth2&state=https%3A%2F%2Fbugs.sit.earthdata.nasa.gov%2Fdefault.jsp,sit.urs.earthdata.nasa.gov,suspected meta redirect
National Aeronautics and Space Administration,NASA Office of the Chief Information Officer,https://car.gsfc.nasa.gov,car.gsfc.nasa.gov,https://www.nasa.gov/earth-science-at-ames/car-cloud-absorption-radiometer-home/,www.nasa.gov,suspected meta redirect
National Aeronautics and Space Administration,NASA Office of the Chief Information Officer,https://cce-signin.gsfc.nasa.gov,cce-signin.gsfc.nasa.gov,https://cce.nasa.gov/cce/index.htm,cce.nasa.gov,suspected meta redirect
National Aeronautics and Space Administration,NASA Office of the Chief Information Officer,https://cceo.gsfc.nasa.gov,cceo.gsfc.nasa.gov,https://cce.nasa.gov/cce/index.htm,cce.nasa.gov,suspected meta redirect
National Aeronautics and Space Administration,NASA Office of the Chief Information Officer,https://cddis.gsfc.nasa.gov,cddis.gsfc.nasa.gov,https://cddis.nasa.gov/,cddis.nasa.gov,suspected meta redirect
National Aeronautics and Space Administration,NASA Office of the Chief Information Officer,https://cds.nccs.nasa.gov,cds.nccs.nasa.gov,https://www.nccs.nasa.gov/services/climate-data-services,www.nccs.nasa.gov,suspected meta redirect
National Aeronautics and Space Administration,NASA Office of the Chief Information Officer,https://center.arc.nasa.gov,center.arc.nasa.gov,https://www.nasa.gov/ames/,www.nasa.gov,suspected meta redirect
National Aeronautics and Space Administration,NASA Office of the Chief Information Officer,https://cfs.gsfc.nasa.gov,cfs.gsfc.nasa.gov,https://etd.gsfc.nasa.gov/capabilities/core-flight-system/,etd.gsfc.nasa.gov,suspected meta redirect
National Aeronautics and Space Administration,NASA Office of the Chief Information Officer,https://clarreo.larc.nasa.gov,clarreo.larc.nasa.gov,https://clarreo-pathfinder.larc.nasa.gov/clarreo/,clarreo-pathfinder.larc.nasa.gov,suspected meta redirect
National Aeronautics and Space Administration,NASA Office of the Chief Information Officer,https://climate.nasa.gov,climate.nasa.gov,https://science.nasa.gov/climate-change/,science.nasa.gov,suspected meta redirect
National Aeronautics and Space Administration,NASA Office of the Chief Information Officer,https://climatekids.nasa.gov,climatekids.nasa.gov,https://science.nasa.gov/kids/earth/,science.nasa.gov,suspected meta redirect
National Aeronautics and Space Administration,NASA Office of the Chief Information Officer,https://cloud1.arc.nasa.gov,cloud1.arc.nasa.gov,https://espo.nasa.gov/,espo.nasa.gov,suspected meta redirect
National Aeronautics and Space Administration,NASA Office of the Chief Information Officer,https://code541.gsfc.nasa.gov,code541.gsfc.nasa.gov,https://etd.gsfc.nasa.gov/directorate/division540/540-branches/,etd.gsfc.nasa.gov,suspected meta redirect
National Aeronautics and Space Administration,NASA Office of the Chief Information Officer,https://code614.gsfc.nasa.gov,code614.gsfc.nasa.gov,https://acd-ext.gsfc.nasa.gov/,acd-ext.gsfc.nasa.gov,suspected meta redirect
National Aeronautics and Space Administration,NASA Office of the Chief Information Officer,https://code916.gsfc.nasa.gov,code916.gsfc.nasa.gov,https://acd-ext.gsfc.nasa.gov/,acd-ext.gsfc.nasa.gov,suspected meta redirect
National Aeronautics and Space Administration,NASA Office of the Chief Information Officer,https://cohoweb.gsfc.nasa.gov,cohoweb.gsfc.nasa.gov,https://omniweb.gsfc.nasa.gov/,omniweb.gsfc.nasa.gov,suspected meta redirect
National Aeronautics and Space Administration,NASA Office of the Chief Information Officer,https://columbia.nasa.gov,columbia.nasa.gov,https://public.ksc.nasa.gov/columbia/,public.ksc.nasa.gov,suspected meta redirect
National Aeronautics and Space Administration,NASA Office of the Chief Information Officer,https://core.nasa.gov,core.nasa.gov,https://www.nasa.gov/learning-resources/search/,www.nasa.gov,suspected meta redirect
National Aeronautics and Space Administration,NASA Office of the Chief Information Officer,https://corrosion.ksc.nasa.gov,corrosion.ksc.nasa.gov,https://public.ksc.nasa.gov/corrosion/,public.ksc.nasa.gov,suspected meta redirect
National Aeronautics and Space Administration,NASA Office of the Chief Information Officer,https://crgis.ndc.nasa.gov,crgis.ndc.nasa.gov,https://www.nasa.gov/langley/history/,www.nasa.gov,suspected meta redirect
National Aeronautics and Space Administration,NASA Office of the Chief Information Officer,https://cryo.gsfc.nasa.gov,cryo.gsfc.nasa.gov,https://etd.gsfc.nasa.gov/directorate/division550/550-branches/,etd.gsfc.nasa.gov,suspected meta redirect
National Aeronautics and Space Administration,NASA Office of the Chief Information Officer,https://dawn.jpl.nasa.gov,dawn.jpl.nasa.gov,https://science.nasa.gov/mission/dawn/,science.nasa.gov,suspected meta redirect
National Aeronautics and Space Administration,NASA Office of the Chief Information Officer,https://deepspace.jpl.nasa.gov,deepspace.jpl.nasa.gov,https://www.nasa.gov/directorates/somd/space-communications-navigation-program/what-is-the-deep-space-network/,www.nasa.gov,suspected meta redirect
National Aeronautics and Space Administration,NASA Office of the Chief Information Officer,https://detectors.gsfc.nasa.gov,detectors.gsfc.nasa.gov,https://etd.gsfc.nasa.gov/directorate/division550/550-branches/,etd.gsfc.nasa.gov,suspected meta redirect
National Aeronautics and Space Administration,NASA Office of the Chief Information Officer,https://developer.earthdata.nasa.gov,developer.earthdata.nasa.gov,,,ssl
National Aeronautics and Space Administration,NASA Office of the Chief Information Officer,https://disasters.nasa.gov,disasters.nasa.gov,https://appliedsciences.nasa.gov/what-we-do/disasters,appliedsciences.nasa.gov,suspected meta redirect
National Aeronautics and Space Administration,NASA Office of the Chief Information Officer,https://disc.sci.gsfc.nasa.gov,disc.sci.gsfc.nasa.gov,https://disc.gsfc.nasa.gov/,disc.gsfc.nasa.gov,suspected meta redirect
National Aeronautics and Space Administration,NASA Office of the Chief Information Officer,https://earthscience.arc.nasa.gov,earthscience.arc.nasa.gov,https://www.nasa.gov/earth-science-at-ames/,www.nasa.gov,suspected meta redirect
National Aeronautics and Space Administration,NASA Office of the Chief Information Officer,https://ecco.jpl.nasa.gov,ecco.jpl.nasa.gov,https://ecco-group.org/,ecco-group.org,suspected meta redirect
National Aeronautics and Space Administration,NASA Office of the Chief Information Officer,https://eclipse2017.nasa.gov,eclipse2017.nasa.gov,https://science.nasa.gov/eclipses/,science.nasa.gov,suspected meta redirect
National Aeronautics and Space Administration,NASA Office of the Chief Information Officer,https://ecsinfo.gsfc.nasa.gov,ecsinfo.gsfc.nasa.gov,https://git.earthdata.nasa.gov/repos?visibility=public,git.earthdata.nasa.gov,suspected meta redirect
National Aeronautics and Space Administration,NASA Office of the Chief Information Officer,https://edrn.jpl.nasa.gov,edrn.jpl.nasa.gov,https://www.jpl.nasa.gov/,www.jpl.nasa.gov,suspected meta redirect
National Aeronautics and Space Administration,NASA Office of the Chief Information Officer,https://environmental.ksc.nasa.gov,environmental.ksc.nasa.gov,https://public.ksc.nasa.gov/environmental/,public.ksc.nasa.gov,suspected meta redirect
National Aeronautics and Space Administration,NASA Office of the Chief Information Officer,https://environmentaltest.gsfc.nasa.gov,environmentaltest.gsfc.nasa.gov,https://etd.gsfc.nasa.gov/capabilities/capabilities-listing/environmental-test-engineering-and-integration/,etd.gsfc.nasa.gov,suspected meta redirect
National Aeronautics and Space Administration,NASA Office of the Chief Information Officer,https://eoimages.gsfc.nasa.gov,eoimages.gsfc.nasa.gov,https://earthobservatory.nasa.gov/,earthobservatory.nasa.gov,suspected meta redirect
National Aeronautics and Space Administration,NASA Office of the Chief Information Officer,https://er.jsc.nasa.gov,er.jsc.nasa.gov,https://www.nasa.gov/software-robotics-and-simulation-division/,www.nasa.gov,suspected meta redirect
National Aeronautics and Space Administration,NASA Office of the Chief Information Officer,https://espd.gsfc.nasa.gov,espd.gsfc.nasa.gov,https://www.nasa.gov/goddard/earth-science-projects-division/,www.nasa.gov,suspected meta redirect
National Aeronautics and Space Administration,NASA Office of the Chief Information Officer,https://europa.nasa.gov,europa.nasa.gov,https://science.nasa.gov/mission/europa-clipper/,science.nasa.gov,suspected meta redirect
National Aeronautics and Space Administration,NASA Office of the Chief Information Officer,https://exoplanets.nasa.gov,exoplanets.nasa.gov,https://science.nasa.gov/exoplanets/,science.nasa.gov,suspected meta redirect
National Aeronautics and Space Administration,NASA Office of the Chief Information Officer,https://explore.jpl.nasa.gov,explore.jpl.nasa.gov,https://www.jpl.nasa.gov/jpl-and-the-community/explore-jpl-open-house/,www.jpl.nasa.gov,suspected meta redirect
National Aeronautics and Space Administration,NASA Office of the Chief Information Officer,https://explorebenefits.jpl.nasa.gov,explorebenefits.jpl.nasa.gov,https://www.jpl.jobs/,www.jpl.jobs,suspected meta redirect
National Aeronautics and Space Administration,NASA Office of the Chief Information Officer,https://export.grc.nasa.gov,export.grc.nasa.gov,https://auth.launchpad.nasa.gov/login?level=30&target=https%3A%2F%2Fexport.grc.nasa.gov%2F,auth.launchpad.nasa.gov,suspected meta redirect
National Aeronautics and Space Administration,NASA Office of the Chief Information Officer,https://external.jsc.nasa.gov,external.jsc.nasa.gov,https://www.nasa.gov/johnson/,www.nasa.gov,suspected meta redirect
National Aeronautics and Space Administration,NASA Office of the Chief Information Officer,https://eyes.jpl.nasa.gov,eyes.jpl.nasa.gov,https://science.nasa.gov/eyes/,science.nasa.gov,suspected meta redirect
National Aeronautics and Space Administration,NASA Office of the Chief Information Officer,https://eyes.nasa.gov,eyes.nasa.gov,https://science.nasa.gov/eyes/,science.nasa.gov,suspected meta redirect
National Aeronautics and Space Administration,NASA Office of the Chief Information Officer,https://f64.nsstc.nasa.gov,f64.nsstc.nasa.gov,https://gammaray.nsstc.nasa.gov/,gammaray.nsstc.nasa.gov,suspected meta redirect
National Aeronautics and Space Administration,NASA Office of the Chief Information Officer,https://fbm.sit.earthdata.nasa.gov,fbm.sit.earthdata.nasa.gov,https://urs.earthdata.nasa.gov/oauth/authorize?client_id=Zdd4mr6ewXQJvYHaDdY-lw&redirect_uri=https%3A%2F%2Ffbm.sit.earthdata.nasa.gov%2Fsso%2Fcallback&response_type=code&state=%2F,urs.earthdata.nasa.gov,suspected meta redirect
National Aeronautics and Space Administration,NASA Office of the Chief Information Officer,https://fdf.gsfc.nasa.gov,fdf.gsfc.nasa.gov,https://etd.gsfc.nasa.gov/capabilities/flight-dynamics-facility/,etd.gsfc.nasa.gov,suspected meta redirect
National Aeronautics and Space Administration,NASA Office of the Chief Information Officer,https://feer.gsfc.nasa.gov,feer.gsfc.nasa.gov,https://science.gsfc.nasa.gov/feer/,science.gsfc.nasa.gov,suspected meta redirect
National Aeronautics and Space Administration,NASA Office of the Chief Information Officer,https://femci.gsfc.nasa.gov,femci.gsfc.nasa.gov,https://etd.gsfc.nasa.gov/capabilities/capabilities-listing/femci/,etd.gsfc.nasa.gov,suspected meta redirect
National Aeronautics and Space Administration,NASA Office of the Chief Information Officer,https://floodmap.gsfc.nasa.gov,floodmap.gsfc.nasa.gov,,,ssl
National Aeronautics and Space Administration,NASA Office of the Chief Information Officer,https://floodmap.modaps.eosdis.nasa.gov,floodmap.modaps.eosdis.nasa.gov,,,ssl
National Aeronautics and Space Administration,NASA Office of the Chief Information Officer,https://foia.msfc.nasa.gov,foia.msfc.nasa.gov,https://www.nasa.gov/foia/nasa-e-libraries/msfc-foia-library/archive/,www.nasa.gov,suspected meta redirect
National Aeronautics and Space Administration,NASA Office of the Chief Information Officer,https://fpd.gsfc.nasa.gov,fpd.gsfc.nasa.gov,https://www.nasa.gov/goddard/flight-projects-directorate/,www.nasa.gov,suspected meta redirect
National Aeronautics and Space Administration,NASA Office of the Chief Information Officer,https://gameon.nasa.gov,gameon.nasa.gov,https://www.nasa.gov/stmd-game-changing-development/,www.nasa.gov,suspected meta redirect
National Aeronautics and Space Administration,NASA Office of the Chief Information Officer,https://genelab-data.ndc.nasa.gov,genelab-data.ndc.nasa.gov,https://science.nasa.gov/biological-physical/data/,science.nasa.gov,suspected meta redirect
National Aeronautics and Space Administration,NASA Office of the Chief Information Officer,https://genelab.nasa.gov,genelab.nasa.gov,https://science.nasa.gov/biological-physical/data/,science.nasa.gov,suspected meta redirect
National Aeronautics and Space Administration,NASA Office of the Chief Information Officer,https://genesismission.jpl.nasa.gov,genesismission.jpl.nasa.gov,https://science.nasa.gov/mission/genesis/,science.nasa.gov,suspected meta redirect
National Aeronautics and Space Administration,NASA Office of the Chief Information Officer,https://gewex-srb.larc.nasa.gov,gewex-srb.larc.nasa.gov,https://science.larc.nasa.gov/gewex-srb/,science.larc.nasa.gov,suspected meta redirect
National Aeronautics and Space Administration,NASA Office of the Chief Information Officer,https://ghrc.nsstc.nasa.gov,ghrc.nsstc.nasa.gov,https://www.earthdata.nasa.gov/centers/ghrc-daac,www.earthdata.nasa.gov,suspected meta redirect
National Aeronautics and Space Administration,NASA Office of the Chief Information Officer,https://gipsy.jpl.nasa.gov,gipsy.jpl.nasa.gov,https://gipsyx.jpl.nasa.gov/,gipsyx.jpl.nasa.gov,suspected meta redirect
National Aeronautics and Space Administration,NASA Office of the Chief Information Officer,https://glam1n1.gsfc.nasa.gov,glam1n1.gsfc.nasa.gov,https://glam1.gsfc.nasa.gov/,glam1.gsfc.nasa.gov,suspected meta redirect
National Aeronautics and Space Administration,NASA Office of the Chief Information Officer,https://go.nasa.gov,go.nasa.gov,https://www.nasa.gov/social-media/,www.nasa.gov,suspected meta redirect
National Aeronautics and Space Administration,NASA Office of the Chief Information Officer,https://gs450drupal.gsfc.nasa.gov,gs450drupal.gsfc.nasa.gov,https://www.nasa.gov/goddard/esc/,www.nasa.gov,suspected meta redirect
National Aeronautics and Space Administration,NASA Office of the Chief Information Officer,https://gs618-glam1n1.gsfc.nasa.gov,gs618-glam1n1.gsfc.nasa.gov,https://glam1.gsfc.nasa.gov/,glam1.gsfc.nasa.gov,suspected meta redirect
National Aeronautics and Space Administration,NASA Office of the Chief Information Officer,https://gs671-sdo5.nascom.nasa.gov,gs671-sdo5.nascom.nasa.gov,https://www.virtualsolar.org/cgi-bin/search,www.virtualsolar.org,suspected meta redirect
National Aeronautics and Space Administration,NASA Office of the Chief Information Officer,https://gs671-vso.nascom.nasa.gov,gs671-vso.nascom.nasa.gov,https://sdac.virtualsolar.org/cgi/search,sdac.virtualsolar.org,suspected meta redirect
National Aeronautics and Space Administration,NASA Office of the Chief Information Officer,https://gvis.grc.nasa.gov,gvis.grc.nasa.gov,https://www.nasa.gov/glenn/glenn-expertise-labs-and-test-facilities/graphics-and-visualization-lab/,www.nasa.gov,suspected meta redirect
National Aeronautics and Space Administration,NASA Office of the Chief Information Officer,https://hewp.ksc.nasa.gov,hewp.ksc.nasa.gov,https://public.ksc.nasa.gov/hewp/,public.ksc.nasa.gov,suspected meta redirect
National Aeronautics and Space Administration,NASA Office of the Chief Information Officer,https://hiliftpw.larc.nasa.gov,hiliftpw.larc.nasa.gov,https://www.nasa.gov/reference/aiaa-cfd-high-lift-prediction-workshop/,www.nasa.gov,suspected meta redirect
National Aeronautics and Space Administration,NASA Office of the Chief Information Officer,https://historycollection.jsc.nasa.gov,historycollection.jsc.nasa.gov,https://www.nasa.gov/history/johnson-history-resources/,www.nasa.gov,suspected meta redirect
National Aeronautics and Space Administration,NASA Office of the Chief Information Officer,https://hubble.nasa.gov,hubble.nasa.gov,https://science.nasa.gov/mission/hubble/,science.nasa.gov,suspected meta redirect
National Aeronautics and Space Administration,NASA Office of the Chief Information Officer,https://idc.nasa.gov,idc.nasa.gov,https://etd.gsfc.nasa.gov/capabilities/integrated-design-center/,etd.gsfc.nasa.gov,suspected meta redirect
National Aeronautics and Space Administration,NASA Office of the Chief Information Officer,https://impact.earthdata.nasa.gov,impact.earthdata.nasa.gov,https://www.earthdata.nasa.gov/about/impact,www.earthdata.nasa.gov,suspected meta redirect
National Aeronautics and Space Administration,NASA Office of the Chief Information Officer,https://insight.jpl.nasa.gov,insight.jpl.nasa.gov,https://science.nasa.gov/mission/insight/,science.nasa.gov,suspected meta redirect
National Aeronautics and Space Administration,NASA Office of the Chief Information Officer,https://intern.nasa.gov,intern.nasa.gov,https://www.nasa.gov/learning-resources/internship-programs/,www.nasa.gov,suspected meta redirect
National Aeronautics and Space Administration,NASA Office of the Chief Information Officer,https://iono.jpl.nasa.gov,iono.jpl.nasa.gov,https://www.jpl.nasa.gov/go/iono/,www.jpl.nasa.gov,suspected meta redirect
National Aeronautics and Space Administration,NASA Office of the Chief Information Officer,https://istd.gsfc.nasa.gov,istd.gsfc.nasa.gov,https://etd.gsfc.nasa.gov/directorate/division550/550-branches/,etd.gsfc.nasa.gov,suspected meta redirect
National Aeronautics and Space Administration,NASA Office of the Chief Information Officer,https://istp.gsfc.nasa.gov,istp.gsfc.nasa.gov,https://pwg.gsfc.nasa.gov/,pwg.gsfc.nasa.gov,suspected meta redirect
National Aeronautics and Space Administration,NASA Office of the Chief Information Officer,https://iswa.ccmc.gsfc.nasa.gov,iswa.ccmc.gsfc.nasa.gov,https://ccmc.gsfc.nasa.gov/tools/ISWA/,ccmc.gsfc.nasa.gov,suspected meta redirect
National Aeronautics and Space Administration,NASA Office of the Chief Information Officer,https://iswa.gsfc.nasa.gov,iswa.gsfc.nasa.gov,https://ccmc.gsfc.nasa.gov/tools/ISWA/,ccmc.gsfc.nasa.gov,suspected meta redirect
National Aeronautics and Space Administration,NASA Office of the Chief Information Officer,https://itos.gsfc.nasa.gov,itos.gsfc.nasa.gov,https://etd.gsfc.nasa.gov/capabilities/capabilities-listing/telemetry-and-command-systems,etd.gsfc.nasa.gov,suspected meta redirect
National Aeronautics and Space Administration,NASA Office of the Chief Information Officer,https://jpss.gsfc.nasa.gov,jpss.gsfc.nasa.gov,https://auth.launchpad.nasa.gov/login?level=20&target=https%3A%2F%2Fauth.launchpad.nasa.gov%2Ffed%2Fiwa%2F%3FfedData%3DP3R5cGU9c29jaWFsJlNBTUxSZXF1ZXN0PWZaTFJTc013RklaZkplUyUyYlRadTFkb2F1TURhRWdvcW9lT0hkV1pxNFFwdlVubVRUdHpkdFJSQmx0NGZ6OCUyZjFmVGtxRXZodkUxcnVqZVZUdlhxRWo5WDVEMnlacU1sN29ZczJqbkslMmZ5S0Z0blJiUyUyYnluV1V3YlhtVUdRZ1U2RGtSWTNZV3JPaFBFNG9xUkc5cWcwNk1DNk1FcDVIYVJxbHhYT1NDWjZLWkJYbnElMmJ5VmtuM2d0QWJjbkR3Nk42QmdERUtKdUFOdjVIR0FKamFBRUwlMmZaRXdPdHolMmJxQWFqeTFVaUViJTJmS0ZySlp1S2MwUkx5YzRhVkJQUGowWll3QmFGZ1Y2aGNGSThiZTl1UmFnbTVMSWt2TUZCeVZhM3FxSGtvJTJiOE1pdmtKTHFlSDBUb3JiVWVyY2xZY2wlMmJqbEVHRG9QQ25TYWxMOE50VDRyMk9qa2Ywb3V0R2pLOW1DcXNybFJ2Y0JVTzhmYkpEJTJmSkRkMjdPR0NjaHFuOHlUY1VjJTJicnY4VzNYV2ZQdTFHQlV4c2FhSW9TVnBYczcyZW92Z0ElM2QmUmVsYXlTdGF0ZT0zMmNkODQ5NC0yYTIyLTRhNDEtYTg3YS00YzEwZjU3MDJhYjgmY2xpZW50LXJlcXVlc3QtaWQ9ZjJjMmFlZTgtYzkyMi00ZGVjLWIyOWItMDE4MDA1MDAwMGZiJlNNUE9SVEFMVVJMPWh0dHBzJTNBJTJGJTJGYXV0aC5sYXVuY2hwYWQubmFzYS5nb3YlMkZhZmZ3ZWJzZXJ2aWNlcyUyRnB1YmxpYyUyRnNhbWwyc3NvJlNBTUxUUkFOU0FDVElPTklEPTFjMmJiNDVjLTAyNjc3YWM5LTI0ZTQxNGIxLTlmZjZkZTU5LTUyMzE2YjAzLTRhYw%3D%3D,auth.launchpad.nasa.gov,suspected meta redirect
National Aeronautics and Space Administration,NASA Office of the Chief Information Officer,https://jschandbook.jsc.nasa.gov,jschandbook.jsc.nasa.gov,https://www.nasa.gov/johnson/jsc-safety-health-requirements/,www.nasa.gov,suspected meta redirect
National Aeronautics and Space Administration,NASA Office of the Chief Information Officer,https://jwst.gsfc.nasa.gov,jwst.gsfc.nasa.gov,https://science.nasa.gov/mission/webb/,science.nasa.gov,suspected meta redirect
National Aeronautics and Space Administration,NASA Office of the Chief Information Officer,https://jwst.nasa.gov,jwst.nasa.gov,https://science.nasa.gov/mission/webb/,science.nasa.gov,suspected meta redirect
National Aeronautics and Space Administration,NASA Office of the Chief Information Officer,https://kauai.ccmc.gsfc.nasa.gov,kauai.ccmc.gsfc.nasa.gov,https://ccmc.gsfc.nasa.gov/tools/,ccmc.gsfc.nasa.gov,suspected meta redirect
National Aeronautics and Space Administration,NASA Office of the Chief Information Officer,https://kepler.arc.nasa.gov,kepler.arc.nasa.gov,https://science.nasa.gov/mission/kepler/,science.nasa.gov,suspected meta redirect
National Aeronautics and Space Administration,NASA Office of the Chief Information Officer,https://ksc-fltops.ndc.nasa.gov,ksc-fltops.ndc.nasa.gov,https://public.ksc.nasa.gov/fltops/,public.ksc.nasa.gov,suspected meta redirect
National Aeronautics and Space Administration,NASA Office of the Chief Information Officer,https://kscpartnerships.ksc.nasa.gov,kscpartnerships.ksc.nasa.gov,https://public.ksc.nasa.gov/partnerships/,public.ksc.nasa.gov,suspected meta redirect
National Aeronautics and Space Administration,NASA Office of the Chief Information Officer,https://kscsma.ksc.nasa.gov,kscsma.ksc.nasa.gov,https://public.ksc.nasa.gov/kscsma/,public.ksc.nasa.gov,suspected meta redirect
National Aeronautics and Space Administration,NASA Office of the Chief Information Officer,https://ladsweb.nascom.nasa.gov,ladsweb.nascom.nasa.gov,https://ladsweb.modaps.eosdis.nasa.gov/,ladsweb.modaps.eosdis.nasa.gov,suspected meta redirect
National Aeronautics and Space Administration,NASA Office of the Chief Information Officer,https://lageos.gsfc.nasa.gov,lageos.gsfc.nasa.gov,https://earth.gsfc.nasa.gov/geo/missions/lageos,earth.gsfc.nasa.gov,suspected meta redirect
National Aeronautics and Space Administration,NASA Office of the Chief Information Officer,https://lance-modis.eosdis.nasa.gov,lance-modis.eosdis.nasa.gov,https://lance.modaps.eosdis.nasa.gov/,lance.modaps.eosdis.nasa.gov,suspected meta redirect
National Aeronautics and Space Administration,NASA Office of the Chief Information Officer,https://landsat.visibleearth.nasa.gov,landsat.visibleearth.nasa.gov,https://landsat.gsfc.nasa.gov/multimedia/,landsat.gsfc.nasa.gov,suspected meta redirect
National Aeronautics and Space Administration,NASA Office of the Chief Information Officer,https://landslides.nasa.gov,landslides.nasa.gov,https://gpm.nasa.gov/applications/landslides,gpm.nasa.gov,suspected meta redirect
National Aeronautics and Space Administration,NASA Office of the Chief Information Officer,https://landval.gsfc.nasa.gov,landval.gsfc.nasa.gov,https://modis-land.gsfc.nasa.gov/MODLAND_redirect.html,modis-land.gsfc.nasa.gov,suspected meta redirect
National Aeronautics and Space Administration,NASA Office of the Chief Information Officer,https://leojira.ndc.nasa.gov,leojira.ndc.nasa.gov,https://auth.launchpad.nasa.gov/login?level=30&target=https%3A%2F%2Fauth.launchpad.nasa.gov%2Ffed%2Frsa%2F%3FfedData%3DP1NBTUxSZXF1ZXN0PW5aSmJUd0l4RUlYJTJGeXFidmV5bXdiR3lBQkVFakNRcUIxUWRmVE9uT1FrMjNYVHV0bDM5dldUVHFnejc0MXN1Y00lMkJlYnpBaDVvMW8yOWU2Z04lMkZEa0FWMzAyaWlOclBzWUUyODFNeHdsTXMwYlFPWUUyMDZ2bDZ5WFpLeTF4aGxoRlBrbSUyQlZ2QkVjRTZhVFNKRnZNeDJWeHNWOHZiY3JHNmVjanEzYURJS2g3VFhsYkVBeGpVOFJrTjE2RVElMkZieklod1VWbEVSM1lER294eVNZQlF0RUR3dU5qbXNYbnJKZUhsTWEwNkxNQml3Zk1wb25lZGElMkZKOUU4VUVuTlhhYzhPTmNpUzFNZWtCUEZ2UmFIbGxlSjVzaVR2WGxPZVYyJTJGd0M3RWZKWUNNRzM5VGttUkh0RjZpSVpFNnclMkZvYzZrcnFmZCUyRjglMkI1T1JjaXV5bklkcjFmYmtrVFR6eG5NakViZmdOMmVldDF1bGwlMkZwRkpoSGFYbWlLJTJGRVZyVlYlMkJMeldteDNBS1hCZnFtR2t5T3A1WU53NDclMkJZJTJGRktQM3VNRG90eFUzQVdjelhKdkMlMkZSWmZHTnR6OVRrc1QycjNJS3E2N1V1WTF0aUJrTGFFSzBFcVpsNWtGN21CTW5QVkFvblJ5NnZweiUyQnlidiZSZWxheVN0YXRlPS1HODg0UjZQTktYQ1AySUEtVFJBQ0tFUiZTTVBPUlRBTFVSTD1odHRwcyUzQSUyRiUyRmF1dGgubGF1bmNocGFkLm5hc2EuZ292JTJGYWZmd2Vic2VydmljZXMlMkZwdWJsaWMlMkZzYW1sMnNzbyZTQU1MVFJBTlNBQ1RJT05JRD0xNGI5MjNmYy1lMjlmMjZkYy0zM2FjODlmMy1hM2ViN2M0Yi02M2FiYTVlMy1kOTQx,auth.launchpad.nasa.gov,suspected meta redirect
National Aeronautics and Space Administration,NASA Office of the Chief Information Officer,https://lisa.gsfc.nasa.gov,lisa.gsfc.nasa.gov,https://lisa.nasa.gov/,lisa.nasa.gov,suspected meta redirect
National Aeronautics and Space Administration,NASA Office of the Chief Information Officer,https://lsda.jsc.nasa.gov,lsda.jsc.nasa.gov,https://nlsp.nasa.gov/explore/page/home,nlsp.nasa.gov,suspected meta redirect
National Aeronautics and Space Administration,NASA Office of the Chief Information Officer,https://lunar.gsfc.nasa.gov,lunar.gsfc.nasa.gov,https://science.nasa.gov/mission/lro/,science.nasa.gov,suspected meta redirect
National Aeronautics and Space Administration,NASA Office of the Chief Information Officer,https://lws.larc.nasa.gov,lws.larc.nasa.gov,https://soma.larc.nasa.gov/lws/,soma.larc.nasa.gov,suspected meta redirect
National Aeronautics and Space Administration,NASA Office of the Chief Information Officer,https://mafspace.msfc.nasa.gov,mafspace.msfc.nasa.gov,https://www.nasa.gov/maf-space/,www.nasa.gov,suspected meta redirect
National Aeronautics and Space Administration,NASA Office of the Chief Information Officer,https://mars.jpl.nasa.gov,mars.jpl.nasa.gov,https://science.nasa.gov/mars/,science.nasa.gov,suspected meta redirect
National Aeronautics and Space Administration,NASA Office of the Chief Information Officer,https://mars.nasa.gov,mars.nasa.gov,https://science.nasa.gov/mars/,science.nasa.gov,suspected meta redirect
National Aeronautics and Space Administration,NASA Office of the Chief Information Officer,https://marsmobile.jpl.nasa.gov,marsmobile.jpl.nasa.gov,https://science.nasa.gov/mars/,science.nasa.gov,suspected meta redirect
National Aeronautics and Space Administration,NASA Office of the Chief Information Officer,https://marsprogram.jpl.nasa.gov,marsprogram.jpl.nasa.gov,https://science.nasa.gov/mars/,science.nasa.gov,suspected meta redirect
National Aeronautics and Space Administration,NASA Office of the Chief Information Officer,https://marsrovers.jpl.nasa.gov,marsrovers.jpl.nasa.gov,https://science.nasa.gov/mission/mars-exploration-rovers-spirit-and-opportunity/,science.nasa.gov,suspected meta redirect
National Aeronautics and Space Administration,NASA Office of the Chief Information Officer,https://masterplan.ksc.nasa.gov,masterplan.ksc.nasa.gov,https://public.ksc.nasa.gov/masterplan/,public.ksc.nasa.gov,suspected meta redirect
National Aeronautics and Space Administration,NASA Office of the Chief Information Officer,https://masterweb.jpl.nasa.gov,masterweb.jpl.nasa.gov,https://masterprojects.jpl.nasa.gov/,masterprojects.jpl.nasa.gov,suspected meta redirect
National Aeronautics and Space Administration,NASA Office of the Chief Information Officer,https://matb.larc.nasa.gov,matb.larc.nasa.gov,https://software.nasa.gov/software/LAR-17835-1,software.nasa.gov,suspected meta redirect
National Aeronautics and Space Administration,NASA Office of the Chief Information Officer,https://mercurytransit.gsfc.nasa.gov,mercurytransit.gsfc.nasa.gov,https://sdo.gsfc.nasa.gov/mercurytransit/public/2019/,sdo.gsfc.nasa.gov,suspected meta redirect
National Aeronautics and Space Administration,NASA Office of the Chief Information Officer,https://microgravityuniversity.jsc.nasa.gov,microgravityuniversity.jsc.nasa.gov,https://www.nasa.gov/learning-resources/colleges-and-universities/,www.nasa.gov,suspected meta redirect
National Aeronautics and Space Administration,NASA Office of the Chief Information Officer,https://missionstem.nasa.gov,missionstem.nasa.gov,https://www.nasa.gov/external-civil-rights-compliance/,www.nasa.gov,suspected meta redirect
National Aeronautics and Space Administration,NASA Office of the Chief Information Officer,https://mmptdpublic.jsc.nasa.gov,mmptdpublic.jsc.nasa.gov,https://www.nasa.gov/johnson/structural-engineering-division/,www.nasa.gov,suspected meta redirect
National Aeronautics and Space Administration,NASA Office of the Chief Information Officer,https://mobile.arc.nasa.gov,mobile.arc.nasa.gov,https://www.nasa.gov/apps/,www.nasa.gov,suspected meta redirect
National Aeronautics and Space Administration,NASA Office of the Chief Information Officer,https://modis-atmos.gsfc.nasa.gov,modis-atmos.gsfc.nasa.gov,https://atmosphere-imager.gsfc.nasa.gov/,atmosphere-imager.gsfc.nasa.gov,suspected meta redirect
National Aeronautics and Space Administration,NASA Office of the Chief Information Officer,https://modis-atmosphere.gsfc.nasa.gov,modis-atmosphere.gsfc.nasa.gov,https://atmosphere-imager.gsfc.nasa.gov/,atmosphere-imager.gsfc.nasa.gov,suspected meta redirect
National Aeronautics and Space Administration,NASA Office of the Chief Information Officer,https://modis-images.gsfc.nasa.gov,modis-images.gsfc.nasa.gov,https://atmosphere-imager.gsfc.nasa.gov/,atmosphere-imager.gsfc.nasa.gov,suspected meta redirect
National Aeronautics and Space Administration,NASA Office of the Chief Information Officer,https://moon.nasa.gov,moon.nasa.gov,https://science.nasa.gov/moon/,science.nasa.gov,suspected meta redirect
National Aeronautics and Space Administration,NASA Office of the Chief Information Officer,https://msiexchange.larc.nasa.gov,msiexchange.larc.nasa.gov,https://msiexchange.nasa.gov/,msiexchange.nasa.gov,suspected meta redirect
National Aeronautics and Space Administration,NASA Office of the Chief Information Officer,https://naccenter.arc.nasa.gov,naccenter.arc.nasa.gov,https://www.nasa.gov/silicon-valley-event-center/,www.nasa.gov,suspected meta redirect
National Aeronautics and Space Administration,NASA Office of the Chief Information Officer,https://nasa3d.arc.nasa.gov,nasa3d.arc.nasa.gov,https://science.nasa.gov/3d-resources/,science.nasa.gov,suspected meta redirect
National Aeronautics and Space Administration,NASA Office of the Chief Information Officer,https://nasadaacs.eos.nasa.gov,nasadaacs.eos.nasa.gov,,,ssl
National Aeronautics and Space Administration,NASA Office of the Chief Information Officer,https://nasaexchange.ksc.nasa.gov,nasaexchange.ksc.nasa.gov,https://public.ksc.nasa.gov/exchange-kars/,public.ksc.nasa.gov,suspected meta redirect
National Aeronautics and Space Administration,NASA Office of the Chief Information Officer,https://nasascience.nasa.gov,nasascience.nasa.gov,https://science.nasa.gov/,science.nasa.gov,suspected meta redirect
National Aeronautics and Space Administration,NASA Office of the Chief Information Officer,https://nasaviz.gsfc.nasa.gov,nasaviz.gsfc.nasa.gov,https://svs.gsfc.nasa.gov//,svs.gsfc.nasa.gov,suspected meta redirect
National Aeronautics and Space Administration,NASA Office of the Chief Information Officer,https://naturalhazards.nasa.gov,naturalhazards.nasa.gov,https://earthobservatory.nasa.gov/,earthobservatory.nasa.gov,suspected meta redirect
National Aeronautics and Space Administration,NASA Office of the Chief Information Officer,https://neo.jpl.nasa.gov,neo.jpl.nasa.gov,https://cneos.jpl.nasa.gov/,cneos.jpl.nasa.gov,suspected meta redirect
National Aeronautics and Space Administration,NASA Office of the Chief Information Officer,https://nexis.gsfc.nasa.gov,nexis.gsfc.nasa.gov,https://www.nasa.gov/nexis/,www.nasa.gov,suspected meta redirect
National Aeronautics and Space Administration,NASA Office of the Chief Information Officer,https://ngst.gsfc.nasa.gov,ngst.gsfc.nasa.gov,https://science.nasa.gov/mission/webb/,science.nasa.gov,suspected meta redirect
National Aeronautics and Space Administration,NASA Office of the Chief Information Officer,https://ngst.nasa.gov,ngst.nasa.gov,https://science.nasa.gov/mission/webb/,science.nasa.gov,suspected meta redirect
National Aeronautics and Space Administration,NASA Office of the Chief Information Officer,https://nisar.jpl.nasa.gov,nisar.jpl.nasa.gov,https://science.nasa.gov/mission/nisar/,science.nasa.gov,suspected meta redirect
National Aeronautics and Space Administration,NASA Office of the Chief Information Officer,https://oas.gsfc.nasa.gov,oas.gsfc.nasa.gov,,,ssl
National Aeronautics and Space Administration,NASA Office of the Chief Information Officer,https://oceancolor.sci.gsfc.nasa.gov,oceancolor.sci.gsfc.nasa.gov,https://oceancolor.gsfc.nasa.gov/,oceancolor.gsfc.nasa.gov,suspected meta redirect
National Aeronautics and Space Administration,NASA Office of the Chief Information Officer,https://open.nasa.gov,open.nasa.gov,https://data.nasa.gov/,data.nasa.gov,suspected meta redirect
National Aeronautics and Space Administration,NASA Office of the Chief Information Officer,https://ops.ems.eosdis.nasa.gov,ops.ems.eosdis.nasa.gov,https://auth.launchpad.nasa.gov/login?level=20&target=https%3A%2F%2Fauth.launchpad.nasa.gov%2Ffed%2Fiwa%2F%3FfedData%3DP1NBTUxSZXF1ZXN0PWZaSk5UNE13SE1hJTJGQ3VsOXRERG1aak5JY0R1NFpDb1o2TUdMYVZrWlRVcUwlMkZNdW0zOTR5Tk02RE8lMkZUVXA3JTJGbkpWMENhMVJMMDk3V2VpZmVld0hXJTJCMmlVQm5xJTJCaUZIZmFXb1lTS0NhTlFLb0xXbWVQbXhwNkJQYWRzYWEwaWprcFFDaXM5TG9sZEhRTjZMTFJYZVVwWGplYldOVVc5c0N4ZGkwNEl2R0hRTjdDYjVtd1B5RE9lSzhscHdiSld6dEF4Zzg0RU9jUGVVRjh0WXVqOVJzSVA5eW1BdnJLOWJyc203WiUyRnBmRHF1b2tPSXpPZ051ZUsxbmlvVWZvdU1qYnJHUDBGcktiaUJQQ1ptTEt5WnhYQ3pJTnlvcVFSVVNDUU15NWt3SDBZcVBCTW0xakZKSndOZ21DU1RBdnlDMk5Ja3FtcjhqTHZwdmZTYjJYJTJCbkI5Smo2S2dONFhSVFlaaTcySURzNmxuQUFseXlFa1BSdDNGJTJGTmZ4N0tmelZIeXo3SkxmTUVkVFZyNjZFQ2JkV2JjTnA5ZXFwUTVyVHJCckloUmdIQXlQdm43SVpJdiZSZWxheVN0YXRlPXNzJTNBbWVtJTNBOTViZTA1YjkwYzc3NzEyZTMyZWExZjU5OWQxMGMyOTYyMmZhZTgxM2MyYjgzOTFkYmI4N2JmZDAxMzk0MzZiZiZTTVBPUlRBTFVSTD1odHRwcyUzQSUyRiUyRmF1dGgubGF1bmNocGFkLm5hc2EuZ292JTJGYWZmd2Vic2VydmljZXMlMkZwdWJsaWMlMkZzYW1sMnNzbyZTQU1MVFJBTlNBQ1RJT05JRD0zMTVlZWMyZS1mNGMyNWM2YS1iMzVjYzVmMC01NmYxYmY0My03YWVlYmQ5OC1hZg%3D%3D,auth.launchpad.nasa.gov,suspected meta redirect
National Aeronautics and Space Administration,NASA Office of the Chief Information Officer,https://opsparc.gsfc.nasa.gov,opsparc.gsfc.nasa.gov,https://partnerships.gsfc.nasa.gov/opsparc/,partnerships.gsfc.nasa.gov,suspected meta redirect
National Aeronautics and Space Administration,NASA Office of the Chief Information Officer,https://opspinoff.gsfc.nasa.gov,opspinoff.gsfc.nasa.gov,https://partnerships.gsfc.nasa.gov/,partnerships.gsfc.nasa.gov,suspected meta redirect
National Aeronautics and Space Administration,NASA Office of the Chief Information Officer,https://optics.msfc.nasa.gov,optics.msfc.nasa.gov,https://www.nasa.gov/marshall/optics/,www.nasa.gov,suspected meta redirect
National Aeronautics and Space Administration,NASA Office of the Chief Information Officer,https://osbp.nasa.gov,osbp.nasa.gov,https://www.nasa.gov/osbp/,www.nasa.gov,suspected meta redirect
National Aeronautics and Space Administration,NASA Office of the Chief Information Officer,https://osdr.nasa.gov,osdr.nasa.gov,https://science.nasa.gov/biological-physical/data/,science.nasa.gov,suspected meta redirect
National Aeronautics and Space Administration,NASA Office of the Chief Information Officer,https://outgassing.nasa.gov,outgassing.nasa.gov,https://etd.gsfc.nasa.gov/capabilities/outgassing-database/,etd.gsfc.nasa.gov,suspected meta redirect
National Aeronautics and Space Administration,NASA Office of the Chief Information Officer,https://pao.gsfc.nasa.gov,pao.gsfc.nasa.gov,https://www.nasa.gov/goddard/,www.nasa.gov,suspected meta redirect
National Aeronautics and Space Administration,NASA Office of the Chief Information Officer,https://partnership.gsfc.nasa.gov,partnership.gsfc.nasa.gov,https://partnerships.gsfc.nasa.gov/,partnerships.gsfc.nasa.gov,suspected meta redirect
National Aeronautics and Space Administration,NASA Office of the Chief Information Officer,https://pathways.jsc.nasa.gov,pathways.jsc.nasa.gov,https://www.nasa.gov/careers/pathways/jsc-pathways-program/,www.nasa.gov,suspected meta redirect
National Aeronautics and Space Administration,NASA Office of the Chief Information Officer,https://photojournal.jpl.nasa.gov,photojournal.jpl.nasa.gov,https://science.nasa.gov/photojournal/,science.nasa.gov,suspected meta redirect
National Aeronautics and Space Administration,NASA Office of the Chief Information Officer,https://photonics.gsfc.nasa.gov,photonics.gsfc.nasa.gov,https://etd.gsfc.nasa.gov/capabilities/capabilities-listing/spaceflight-photonics/,etd.gsfc.nasa.gov,suspected meta redirect
National Aeronautics and Space Administration,NASA Office of the Chief Information Officer,https://planetaryprotection.nasa.gov,planetaryprotection.nasa.gov,https://sma.nasa.gov/sma-disciplines/planetary-protection/,sma.nasa.gov,suspected meta redirect
National Aeronautics and Space Administration,NASA Office of the Chief Information Officer,https://pmm.nasa.gov,pmm.nasa.gov,https://gpm.nasa.gov/,gpm.nasa.gov,suspected meta redirect
National Aeronautics and Space Administration,NASA Office of the Chief Information Officer,https://pmm.pps.eosdis.nasa.gov,pmm.pps.eosdis.nasa.gov,https://gpm.nasa.gov/,gpm.nasa.gov,suspected meta redirect
National Aeronautics and Space Administration,NASA Office of the Chief Information Officer,https://popo.jpl.nasa.gov,popo.jpl.nasa.gov,https://aviris.jpl.nasa.gov/,aviris.jpl.nasa.gov,suspected meta redirect
National Aeronautics and Space Administration,NASA Office of the Chief Information Officer,https://prism.jpl.nasa.gov,prism.jpl.nasa.gov,https://science.nasa.gov/mission/portable-remote-imaging-spectrometer-prism/,science.nasa.gov,suspected meta redirect
National Aeronautics and Space Administration,NASA Office of the Chief Information Officer,https://procure.arc.nasa.gov,procure.arc.nasa.gov,https://www.nasa.gov/ames/doing-business-with-nasa-ames/procurement/,www.nasa.gov,suspected meta redirect
National Aeronautics and Space Administration,NASA Office of the Chief Information Officer,https://procurement.jsc.nasa.gov,procurement.jsc.nasa.gov,https://www.nasa.gov/johnson/jsc-procurement/,www.nasa.gov,suspected meta redirect
National Aeronautics and Space Administration,NASA Office of the Chief Information Officer,https://procurement.ksc.nasa.gov,procurement.ksc.nasa.gov,https://public.ksc.nasa.gov/procurement/,public.ksc.nasa.gov,suspected meta redirect
National Aeronautics and Space Administration,NASA Office of the Chief Information Officer,https://propellants.ksc.nasa.gov,propellants.ksc.nasa.gov,https://public.ksc.nasa.gov/propellants/,public.ksc.nasa.gov,suspected meta redirect
National Aeronautics and Space Administration,NASA Office of the Chief Information Officer,https://pscischool.jpl.nasa.gov,pscischool.jpl.nasa.gov,https://psss.jpl.nasa.gov/login,psss.jpl.nasa.gov,suspected meta redirect
National Aeronautics and Space Administration,NASA Office of the Chief Information Officer,https://psi.nasa.gov,psi.nasa.gov,https://science.nasa.gov/biological-physical/data/,science.nasa.gov,suspected meta redirect
National Aeronautics and Space Administration,NASA Office of the Chief Information Officer,https://pumas.nasa.gov,pumas.nasa.gov,https://earth.gsfc.nasa.gov/climate/projects/pumas,earth.gsfc.nasa.gov,suspected meta redirect
National Aeronautics and Space Administration,NASA Office of the Chief Information Officer,https://radhome.gsfc.nasa.gov,radhome.gsfc.nasa.gov,https://etd.gsfc.nasa.gov/capabilities/capabilities-listing/radiation-effects-and-analysis/,etd.gsfc.nasa.gov,suspected meta redirect
National Aeronautics and Space Administration,NASA Office of the Chief Information Officer,https://robonaut.jsc.nasa.gov,robonaut.jsc.nasa.gov,https://www.nasa.gov/robonaut2/,www.nasa.gov,suspected meta redirect
National Aeronautics and Space Administration,NASA Office of the Chief Information Officer,https://robotics.arc.nasa.gov,robotics.arc.nasa.gov,https://robotics.nasa.gov/,robotics.nasa.gov,suspected meta redirect
National Aeronautics and Space Administration,NASA Office of the Chief Information Officer,https://robots.nasa.gov,robots.nasa.gov,https://robotics.nasa.gov/,robotics.nasa.gov,suspected meta redirect
National Aeronautics and Space Administration,NASA Office of the Chief Information Officer,https://roundupreads.ird.appdat.jsc.nasa.gov,roundupreads.ird.appdat.jsc.nasa.gov,https://www.nasa.gov/johnson/,www.nasa.gov,suspected meta redirect
National Aeronautics and Space Administration,NASA Office of the Chief Information Officer,https://roundupreads.jsc.nasa.gov,roundupreads.jsc.nasa.gov,https://www.nasa.gov/johnson/,www.nasa.gov,suspected meta redirect
National Aeronautics and Space Administration,NASA Office of the Chief Information Officer,https://roverchallenge.msfc.nasa.gov,roverchallenge.msfc.nasa.gov,https://www.nasa.gov/learning-resources/nasa-human-exploration-rover-challenge/,www.nasa.gov,suspected meta redirect
National Aeronautics and Space Administration,NASA Office of the Chief Information Officer,https://rsdo.gsfc.nasa.gov,rsdo.gsfc.nasa.gov,https://science.nasa.gov/rsdo/,science.nasa.gov,suspected meta redirect
National Aeronautics and Space Administration,NASA Office of the Chief Information Officer,https://sara.nasa.gov,sara.nasa.gov,https://science.nasa.gov/researchers/,science.nasa.gov,suspected meta redirect
National Aeronautics and Space Administration,NASA Office of the Chief Information Officer,https://saturn.jpl.nasa.gov,saturn.jpl.nasa.gov,https://science.nasa.gov/mission/cassini/,science.nasa.gov,suspected meta redirect
National Aeronautics and Space Administration,NASA Office of the Chief Information Officer,https://sbir.nasa.gov,sbir.nasa.gov,https://www.nasa.gov/sbir_sttr/,www.nasa.gov,suspected meta redirect
National Aeronautics and Space Administration,NASA Office of the Chief Information Officer,https://science.hq.nasa.gov,science.hq.nasa.gov,https://science.nasa.gov/,science.nasa.gov,suspected meta redirect
National Aeronautics and Space Administration,NASA Office of the Chief Information Officer,https://science.larc.nasa.gov,science.larc.nasa.gov,https://www.nasa.gov/langley/science/,www.nasa.gov,suspected meta redirect
National Aeronautics and Space Administration,NASA Office of the Chief Information Officer,https://science.msfc.nasa.gov,science.msfc.nasa.gov,https://www.nasa.gov/marshall/srpd/,www.nasa.gov,suspected meta redirect
National Aeronautics and Space Administration,NASA Office of the Chief Information Officer,https://sdo8.nascom.nasa.gov,sdo8.nascom.nasa.gov,https://www.virtualsolar.org/cgi-bin/search,www.virtualsolar.org,suspected meta redirect
National Aeronautics and Space Administration,NASA Office of the Chief Information Officer,https://sealevel.sit.earthdata.nasa.gov,sealevel.sit.earthdata.nasa.gov,https://urs.earthdata.nasa.gov/oauth/authorize?client_id=G2DC6Z_BawUkTkiRBI1NiA&redirect_uri=https%3A%2F%2Fsealevel.sit.earthdata.nasa.gov%2Fauth%2Furs%2Fcallback&response_type=code&state=3b7078e56b018dbd7e88f7ec28298dff80f59a9502e1f26a,urs.earthdata.nasa.gov,suspected meta redirect
National Aeronautics and Space Administration,NASA Office of the Chief Information Officer,https://sealevel.uat.earthdata.nasa.gov,sealevel.uat.earthdata.nasa.gov,https://urs.earthdata.nasa.gov/oauth/authorize?client_id=G2DC6Z_BawUkTkiRBI1NiA&redirect_uri=https%3A%2F%2Fsealevel.uat.earthdata.nasa.gov%2Fauth%2Furs%2Fcallback&response_type=code&state=79f03b1768d913b0d2d3c1d409570546ee57e83b652898a8,urs.earthdata.nasa.gov,suspected meta redirect
National Aeronautics and Space Administration,NASA Office of the Chief Information Officer,https://search.nasa.gov,search.nasa.gov,https://www.nasa.gov/,www.nasa.gov,suspected meta redirect
National Aeronautics and Space Administration,NASA Office of the Chief Information Officer,https://sepg.larc.nasa.gov,sepg.larc.nasa.gov,https://sw-eng.larc.nasa.gov/,sw-eng.larc.nasa.gov,suspected meta redirect
National Aeronautics and Space Administration,NASA Office of the Chief Information Officer,https://sites-e.larc.nasa.gov,sites-e.larc.nasa.gov,https://auth.launchpad.nasa.gov/login?level=20&target=https%3A%2F%2Fsites-e.larc.nasa.gov%2F,auth.launchpad.nasa.gov,suspected meta redirect
National Aeronautics and Space Administration,NASA Office of the Chief Information Officer,https://sites.wff.nasa.gov,sites.wff.nasa.gov,https://www.nasa.gov/wallops/,www.nasa.gov,suspected meta redirect
National Aeronautics and Space Administration,NASA Office of the Chief Information Officer,https://smartlabs.gsfc.nasa.gov,smartlabs.gsfc.nasa.gov,https://earth.gsfc.nasa.gov/climate/instruments/smartlabs,earth.gsfc.nasa.gov,suspected meta redirect
National Aeronautics and Space Administration,NASA Office of the Chief Information Officer,https://smartskies.nasa.gov,smartskies.nasa.gov,https://www.nasa.gov/learning-resources/search/,www.nasa.gov,suspected meta redirect
National Aeronautics and Space Administration,NASA Office of the Chief Information Officer,https://soil.gsfc.nasa.gov,soil.gsfc.nasa.gov,https://earth.gsfc.nasa.gov/bio,earth.gsfc.nasa.gov,suspected meta redirect
National Aeronautics and Space Administration,NASA Office of the Chief Information Officer,https://solarsystem.jpl.nasa.gov,solarsystem.jpl.nasa.gov,https://science.nasa.gov/solar-system/,science.nasa.gov,suspected meta redirect
National Aeronautics and Space Administration,NASA Office of the Chief Information Officer,https://solarsystem.nasa.gov,solarsystem.nasa.gov,https://science.nasa.gov/solar-system/,science.nasa.gov,suspected meta redirect
National Aeronautics and Space Administration,NASA Office of the Chief Information Officer,https://spacecomm.nasa.gov,spacecomm.nasa.gov,https://www.nasa.gov/communicating-with-missions/,www.nasa.gov,suspected meta redirect
National Aeronautics and Space Administration,NASA Office of the Chief Information Officer,https://spacescience.msfc.nasa.gov,spacescience.msfc.nasa.gov,https://science.nasa.gov/astrophysics/programs/space-sciences-msfc/,science.nasa.gov,suspected meta redirect
National Aeronautics and Space Administration,NASA Office of the Chief Information Officer,https://spacescience.nasa.gov,spacescience.nasa.gov,https://science.nasa.gov/,science.nasa.gov,suspected meta redirect
National Aeronautics and Space Administration,NASA Office of the Chief Information Officer,https://spo.gsfc.nasa.gov,spo.gsfc.nasa.gov,https://partnerships.gsfc.nasa.gov/,partnerships.gsfc.nasa.gov,suspected meta redirect
National Aeronautics and Space Administration,NASA Office of the Chief Information Officer,https://spotthestation.nasa.gov,spotthestation.nasa.gov,https://www.nasa.gov/spot-the-station/,www.nasa.gov,suspected meta redirect
National Aeronautics and Space Administration,NASA Office of the Chief Information Officer,https://ssco.gsfc.nasa.gov,ssco.gsfc.nasa.gov,,,ssl
National Aeronautics and Space Administration,NASA Office of the Chief Information Officer,https://sspd.gsfc.nasa.gov,sspd.gsfc.nasa.gov,,,ssl
National Aeronautics and Space Administration,NASA Office of the Chief Information Officer,https://stardust.jpl.nasa.gov,stardust.jpl.nasa.gov,https://science.nasa.gov/mission/stardust/,science.nasa.gov,suspected meta redirect
National Aeronautics and Space Administration,NASA Office of the Chief Information Officer,https://starport.jsc.nasa.gov,starport.jsc.nasa.gov,https://www.nasa.gov/Starport/,www.nasa.gov,suspected meta redirect
National Aeronautics and Space Administration,NASA Office of the Chief Information Officer,https://stem.nasa.gov,stem.nasa.gov,https://www.nasa.gov/learning-resources/,www.nasa.gov,suspected meta redirect
National Aeronautics and Space Administration,NASA Office of the Chief Information Officer,https://stereo.nascom.nasa.gov,stereo.nascom.nasa.gov,https://stereo-ssc.nascom.nasa.gov/,stereo-ssc.nascom.nasa.gov,suspected meta redirect
National Aeronautics and Space Administration,NASA Office of the Chief Information Officer,https://sunclimate.gsfc.nasa.gov,sunclimate.gsfc.nasa.gov,https://earth.gsfc.nasa.gov/climate/projects/solar-irradiance,earth.gsfc.nasa.gov,suspected meta redirect
National Aeronautics and Space Administration,NASA Office of the Chief Information Officer,https://swc.gsfc.nasa.gov,swc.gsfc.nasa.gov,https://science.nasa.gov/heliophysics/focus-areas/space-weather/,science.nasa.gov,suspected meta redirect
National Aeronautics and Space Administration,NASA Office of the Chief Information Officer,https://tess.gsfc.nasa.gov,tess.gsfc.nasa.gov,https://heasarc.gsfc.nasa.gov/docs/tess/,heasarc.gsfc.nasa.gov,suspected meta redirect
National Aeronautics and Space Administration,NASA Office of the Chief Information Officer,https://thermal.gsfc.nasa.gov,thermal.gsfc.nasa.gov,https://etd.gsfc.nasa.gov/capabilities/capabilities-listing/thermal-engineering/,etd.gsfc.nasa.gov,suspected meta redirect
National Aeronautics and Space Administration,NASA Office of the Chief Information Officer,https://ti.arc.nasa.gov,ti.arc.nasa.gov,https://www.nasa.gov/intelligent-systems-division/,www.nasa.gov,suspected meta redirect
National Aeronautics and Space Administration,NASA Office of the Chief Information Officer,https://uat.ems.eosdis.nasa.gov,uat.ems.eosdis.nasa.gov,https://auth.launchpad.nasa.gov/login?level=20&target=https%3A%2F%2Fauth.launchpad.nasa.gov%2Ffed%2Fiwa%2F%3FfedData%3DP1NBTUxSZXF1ZXN0PWZaSmRUOEl3RkliJTJGeXRKNzFuMElaQTBqUWJpUUJKWEE5TUliYzdvZFdKT3RuVDBkNkw5M01BMTRJZGQ5JTJCN3dmT1JPQ3VtckVySFdsM3VCSGklMkJTOHo3clNKTTRQS1d1dEZnWklrZEJRSXdtWGklMkIzc2NTVWlQeENOTmM3a3BtTGVqQWl0VTBiUGphYTJScnRGZTFBNXZteFdLU3VkYTBodzNvTHpzU1lmRFJXS2ZBMEUlMkZ0NGMlMkJMWlVVcG9LWGVrVEdYN0NSM3o5dk0yWXQlMkJqeUtBMG44b1VEWFZpJTJGZ2xiblpRUEZoUU83M1JFbDljN0VtMVpXS3VlbkhsSEhaZDV5a2JMM1JPNUdjaFFYZDFDZ0JBbGhIRUFTUXppVThSQ1RPTzVrUkMwdU5UblFMbVZSRUEwSFlUZ0l4MW1RaURnVXdmaU5lZXVmNXZkS0YwcnZiODhrZXhHSmh5eGJEJTJGcGlyMmpwWEtvVHNPbmtGRktjamUzViUyRkxleDhMczVtJTJGNno3SVJmY1h1VFJqeDFvT1ZpYmJwdHZyeFpWWm5qM0NJNFRGbkklMkJMVCUyRjh2Y2dwdDglM0QmUmVsYXlTdGF0ZT1zcyUzQW1lbSUzQTY1ZjczY2M0ODFhZTY5ZjEwMWY2YTU5MGUxMmQ2YTcwZmRiMDYxYTc4YmNjMDAwYjA5MmU0YmI2YWFjMDEyZmEmU01QT1JUQUxVUkw9aHR0cHMlM0ElMkYlMkZhdXRoLmxhdW5jaHBhZC5uYXNhLmdvdiUyRmFmZndlYnNlcnZpY2VzJTJGcHVibGljJTJGc2FtbDJzc28mU0FNTFRSQU5TQUNUSU9OSUQ9MjBiMTAxNGItYzRmOTU0Y2QtOTA0OWJiZWUtZjExZmQxN2EtOGYwYjViMTAtMjhk,auth.launchpad.nasa.gov,suspected meta redirect
National Aeronautics and Space Administration,NASA Office of the Chief Information Officer,https://universe.nasa.gov,universe.nasa.gov,https://science.nasa.gov/universe/,science.nasa.gov,suspected meta redirect
National Aeronautics and Space Administration,NASA Office of the Chief Information Officer,https://urap.gsfc.nasa.gov,urap.gsfc.nasa.gov,https://spdf.gsfc.nasa.gov/pub/data/ulysses/radio/urap_documents/website/urap/,spdf.gsfc.nasa.gov,suspected meta redirect
National Aeronautics and Space Administration,NASA Office of the Chief Information Officer,https://utm.arc.nasa.gov,utm.arc.nasa.gov,https://www.nasa.gov/directorates/armd/past-armd-projects/utm-project/,www.nasa.gov,suspected meta redirect
National Aeronautics and Space Administration,NASA Office of the Chief Information Officer,https://vac.gsfc.nasa.gov,vac.gsfc.nasa.gov,https://aos.gsfc.nasa.gov/,aos.gsfc.nasa.gov,suspected meta redirect
National Aeronautics and Space Administration,NASA Office of the Chief Information Officer,https://vepo.gsfc.nasa.gov,vepo.gsfc.nasa.gov,https://spdf.gsfc.nasa.gov/research/vepo/,spdf.gsfc.nasa.gov,suspected meta redirect
National Aeronautics and Space Administration,NASA Office of the Chief Information Officer,https://voyager.jpl.nasa.gov,voyager.jpl.nasa.gov,https://science.nasa.gov/mission/voyager/,science.nasa.gov,suspected meta redirect
National Aeronautics and Space Administration,NASA Office of the Chief Information Officer,https://vrlab.jsc.nasa.gov,vrlab.jsc.nasa.gov,https://www.nasa.gov/virtual-reality-lab-doug/,www.nasa.gov,suspected meta redirect
National Aeronautics and Space Administration,NASA Office of the Chief Information Officer,https://vso.nascom.nasa.gov,vso.nascom.nasa.gov,https://sdac.virtualsolar.org/cgi/search,sdac.virtualsolar.org,suspected meta redirect
National Aeronautics and Space Administration,NASA Office of the Chief Information Officer,https://vso1.nascom.nasa.gov,vso1.nascom.nasa.gov,https://www.virtualsolar.org/cgi-bin/search,www.virtualsolar.org,suspected meta redirect
National Aeronautics and Space Administration,NASA Office of the Chief Information Officer,https://webb.nasa.gov,webb.nasa.gov,https://science.nasa.gov/mission/webb/,science.nasa.gov,suspected meta redirect
National Aeronautics and Space Administration,NASA Office of the Chief Information Officer,https://webserver1.ccmc.gsfc.nasa.gov,webserver1.ccmc.gsfc.nasa.gov,https://ccmc.gsfc.nasa.gov/tools/,ccmc.gsfc.nasa.gov,suspected meta redirect
National Aeronautics and Space Administration,NASA Office of the Chief Information Officer,https://webtools.ccmc.gsfc.nasa.gov,webtools.ccmc.gsfc.nasa.gov,https://ccmc.gsfc.nasa.gov/tools/,ccmc.gsfc.nasa.gov,suspected meta redirect
National Aeronautics and Space Administration,NASA Office of the Chief Information Officer,https://wfc3.gsfc.nasa.gov,wfc3.gsfc.nasa.gov,https://science.nasa.gov/mission/hubble/observatory/design/wide-field-camera-3/,science.nasa.gov,suspected meta redirect
National Aeronautics and Space Administration,NASA Office of the Chief Information Officer,https://wmap.gsfc.nasa.gov,wmap.gsfc.nasa.gov,https://science.nasa.gov/mission/wmap/,science.nasa.gov,suspected meta redirect
National Aeronautics and Space Administration,NASA Office of the Chief Information Officer,https://women.nasa.gov,women.nasa.gov,https://www.nasa.gov/women-at-nasa/,www.nasa.gov,suspected meta redirect
National Aeronautics and Space Administration,NASA Office of the Chief Information Officer,https://www-istp.gsfc.nasa.gov,www-istp.gsfc.nasa.gov,https://pwg.gsfc.nasa.gov/,pwg.gsfc.nasa.gov,suspected meta redirect
National Aeronautics and Space Administration,NASA Office of the Chief Information Officer,https://www-misr.jpl.nasa.gov,www-misr.jpl.nasa.gov,https://misr.jpl.nasa.gov/,misr.jpl.nasa.gov,suspected meta redirect
National Aeronautics and Space Administration,NASA Office of the Chief Information Officer,https://www-staging.nasa.gov,www-staging.nasa.gov,https://www.nasa.gov/,www.nasa.gov,suspected meta redirect
National Aeronautics and Space Administration,NASA Office of the Chief Information Officer,https://www1.grc.nasa.gov,www1.grc.nasa.gov,https://www.nasa.gov/glenn/,www.nasa.gov,suspected meta redirect
National Aeronautics and Space Administration,NASA Office of the Chief Information Officer,https://www3.nasa.gov,www3.nasa.gov,https://www.nasa.gov/,www.nasa.gov,suspected meta redirect
National Aeronautics and Space Administration,NASA Science Data Systems Branch,https://blog.globe.gov,blog.globe.gov,https://www.globe.gov/globe-community/blogs/community-blogs,www.globe.gov,suspected meta redirect
National Aeronautics and Space Administration,NASA Science Data Systems Branch,https://data.globe.gov,data.globe.gov,https://www.globe.gov/login?p_p_id=com_liferay_login_web_portlet_LoginPortlet&p_p_lifecycle=0&p_p_state=maximized&p_p_mode=view&p_p_col_id=column-2&p_p_col_count=2&_com_liferay_login_web_portlet_LoginPortlet_enter_data=1&saveLastPath=0&_com_liferay_login_web_portlet_LoginPortlet_struts_action=%2Flogin%2Flogin&_com_liferay_login_web_portlet_LoginPortlet_redirect=https://data.globe.gov,www.globe.gov,suspected meta redirect
National Aeronautics and Space Administration,NASA Science Data Systems Branch,https://new.globe.gov,new.globe.gov,https://www.globe.gov/,www.globe.gov,suspected meta redirect
